11004	75C9C61D:xianlong_hong	10	363
77119	7F3CD7CA:weiying_ma	10	334
151830	7E6CF333:wen_gao	10	334
16097	7DFBBC1A:francky_catthoor	10	281
7208	7E8FA339:mary_jane_irwin	10	258
189888	82A47F45:mahmut_kandemir	10	255
124193	81292CD7:kenji_kaneko	10	244
60619	7637F0E6:shuuji_kajita	10	243
77210	8098BA90:yici_cai	10	242
794	7ED2D210:sudhakar_m_reddy	10	236
173044	78322C72:n_vijaykrishnan	10	236
167536	7C645EA4:piet_demeester	10	234
113572	810B4A93:zheng_chen	10	231
25778	823F7E77:wei_liu	10	219
20125	29ED30E0:lajos_hanzo	10	212
24932	7E7A3A69:jiawei_han	10	209
20231	7EAA8442:philip_s_yu	10	207
72957	5E0F6927:irith_pomeranz	10	199
27777	818F5DC2:lei_zhang	10	197
256240	803BEDCD:chun_chen	10	195
47702	7D3119D7:atsuo_takanishi	10	189
176951	7EBD9E4A:adriano_camps	10	183
62803	8155AF94:jiajun_bu	10	175
17264	81BE1E7A:hiroshi_g_okuno	10	168
207712	84F6F3F8:wei_wang	10	166
95142	8003BF52:heungyeung_shum	10	165
25248	7DD5BAB6:joel_saltz	10	165
17415	259CCDE9:paolo_dario	10	164
39231	7BC7D2C4:hiroshi_ishiguro	10	164
212966	7F76760B:debin_zhao	10	162
151832	7D247650:xilin_chen	10	157
73820	134C40AA:enrico_macii	10	155
220932	80240ADD:qian_zhang	10	153
77992	0AD994AD:tahsin_kurc	10	149
281291	7EBD3AAB:jian_pei	10	146
14241	790E4026:john_a_stankovic	10	146
82443	75E739C4:li_zhang	10	146
143091	81DE0B41:wen_gao	10	146
39613	7D4D4865:qi_tian	10	142
266428	7D585CEF:sheqin_dong	10	140
316907	7EAC3E0D:takayuki_kanda	10	138
56683	7E88C142:qing_li	10	136
27370	79714738:beng_chin_ooi	10	135
4097	7263AD95:hanspeter_kriegel	10	134
107061	8065F930:changsheng_xu	10	134
169420	10EB140C:fumio_kanehiro	10	133
179083	7F243834:vivek_de	10	131
264954	7E6E1724:feng_wu	10	131
73782	1324F0B9:massimo_poncino	10	131
198649	813F6C3E:hai_jin	10	131
280766	7B803028:shiguang_shan	10	130
52221	7D9652F5:hongjiang_zhang	10	126
7930	7E033056:paul_m_thompson	10	125
264117	7B9C599E:jordi_perezromero	10	123
181374	818C6F59:oriol_sallent	10	122
155513	80C5C642:shekhar_borkar	10	121
46140	7DD45A3B:shojiro_nishio	10	117
39774	7F35FABD:kazuhito_yokoi	10	116
37835	7FE72A95:ramon_agusti	10	115
70130	7FA685ED:hui_zhang	10	114
107617	76DAA3B0:arthur_w_toga	10	113
84799	7E2B2390:haixun_wang	10	112
228737	7ECA3CAF:shiqiang_yang	10	111
124279	863DB1DC:fumio_kanehiro	10	110
192905	7944DBBA:koichi_nishiwaki	10	109
103479	7F518C99:eepeng_lim	10	109
275761	811EE217:xiaoou_tang	10	109
266429	812DED68:yuchun_ma	10	108
180061	8532C654:leonard_barolli	10	106
41359	7A10F2FD:serge_pravossoudovitch	10	106
37471	80AB241A:tieniu_tan	10	105
161991	7A355FC1:yi_mu	10	105
235066	85FFF802:hongjiang_zhang	10	104
239784	816D8D91:xin_zhang	10	103
318229	0CBD6FF3:merce_vallllossera	10	103
9331	0AF1EDEA:alan_f_smeaton	10	102
152855	5E400880:akio_koyama	10	102
140738	7DE068ED:jinglu_hu	10	102
265101	00DE4821:kazuhiro_nakadai	10	101
266641	7F0B39FA:wenbo_wang	10	101
201867	80D17978:r_g_carvajal	10	101
78526	7D737256:zebo_peng	10	101
159526	756C154A:tarek_abdelzaher	10	100
302089	7DF90B3D:dongqing_yang	10	100
113713	7F9A92BA:gang_chen	10	100
53622	70E4825B:jaime_ramirezangulo	10	100
70486	7EA9B3E8:xuemin_shen	10	99
43261	7F4F11C9:wei_zhang	10	98
302088	807A851C:shiwei_tang	10	98
32214	7E1F15E4:tharam_s_dillon	10	98
216054	12EC9268:alberto_macii	10	98
119142	7EE5D112:xiaofang_zhou	10	97
9804	7596AEC2:mitsuru_ishizuka	10	96
63854	7FB399F0:kianlee_tan	10	96
181387	84B8A046:luca_benini	10	95
294403	7ECB924F:soon_xin_ng	10	95
150347	802C4419:jiannong_cao	10	95
256918	780E3AF1:peter_schelkens	10	95
87405	79761840:petru_eles	10	95
11075	755B9B77:trevor_mudge	10	94
71174	7E187CF5:rui_zhang	10	94
209818	7E9C7655:xiaowei_li	10	94
325403	80388B5E:tian_he	10	93
19310	753037DB:p_sadayappan	10	93
68675	7DB54482:qiang_yang	10	93
87784	7D29AD46:elizabeth_chang	10	93
3517	7945B8D1:don_towsley	10	92
73240	7E8AD85D:wayne_luk	10	92
8149	8020C741:thomas_s_huang	10	91
126835	7F88336F:james_j_kuffner	10	91
290797	7E1FB9D3:zhu_han	10	91
315403	81146E85:xiansheng_hua	10	91
215936	7780144A:l_van_der_perre	10	90
197585	805A9904:baining_guo	10	90
321520	809821A4:james_w_tschanz	10	89
127353	767860DC:diego_calvanese	10	88
104003	76593F89:rainer_leupers	10	88
199366	7D0E0439:yuechao_wang	10	88
313332	7EA8C5FC:aixin_sun	10	88
69715	79CFED18:preben_mogensen	10	87
71905	7D7EA430:changshui_zhang	10	87
14745	7618FAF9:kotaro_hirasawa	10	86
258458	7DDA7A0B:aoying_zhou	10	86
207717	7EBC697E:jun_yang	10	85
86512	805E3DBB:li_li	10	85
31622	75CBECD9:maurizio_lenzerini	10	84
53526	7630DBBA:peter_y_k_cheung	10	84
179254	80F96D29:david_zhang	10	84
72572	8188E6CE:ying_liu	10	83
312199	7FD5DB56:ke_xu	10	82
82834	7B00A7D0:joseph_m_hellerstein	10	81
165151	80B5F5BD:mong_li_lee	10	81
55642	80E35857:wei_li	10	81
74236	7CE0E6E2:jan_cornelis	10	81
304107	7E194ABD:marcos_andre_goncalves	10	81
284453	146CE0E8:nuria_duffo	10	81
135641	7E993F33:daniel_s_yeung	10	81
29404	7C2C5468:iling_yen	10	80
31815	807D239B:chungkuan_cheng	10	80
114594	81230F7F:licheng_jiao	10	80
128247	7E717172:irwin_king	10	79
121877	7DFE1110:giuseppe_de_giacomo	10	78
151375	6F6FBACA:xavier_pennec	10	78
264263	13FE756D:nick_koudas	10	78
52540	7D4BABA7:jianping_wu	10	78
60637	7CEA80DD:tatsuo_arai	10	78
252900	7FE706B2:baowen_xu	10	78
13377	27F7D98C:giovanni_de_micheli	10	77
124277	75E3A32C:satoshi_kagami	10	77
87421	7F63477D:patrick_girard	10	77
45370	8575EA10:ying_li	10	77
79623	7DCF1603:jose_duato	10	77
151141	77B8D24E:ram_krishnamurthy	10	77
144511	81455CE6:ge_yu	10	76
152436	8033D3CB:ying_chen	10	76
265719	7F67D084:kun_zhou	10	75
121211	7A743C36:luca_benini	10	74
176953	76E01E23:ignasi_corbella	10	74
20514	80D2A376:nicholas_ayache	10	72
20580	67C25347:kazuhiro_kosuge	10	72
209808	7E43512E:huawei_li	10	72
95223	7E964845:wynne_hsu	10	71
12087	7F65138B:weimin_zheng	10	70
217637	7E270E95:yasuhisa_hirata	10	70
59155	7E7FE4AF:carole_goble	10	70
112035	7D793AC9:yan_zhang	10	70
83670	85BA9810:jun_wang	10	70
124156	111A8CAA:cecilia_laschi	10	69
49751	7F59FDB5:sheng_chen	10	69
37587	7E0C04F4:feng_bao	10	69
69062	0A3C5ED8:rudy_lauwereins	10	68
222000	7DC528A5:yueting_zhuang	10	68
93419	7AEBF3AE:robert_h_deng	10	67
264923	7E7DB355:xingquan_zhu	10	67
6907	14D9AFD9:farokh_b_bastani	10	66
317665	8081B2FA:latifur_khan	10	66
26593	7E119FDE:ravishankar_k_iyer	10	66
65056	7E44F07E:shuching_chen	10	66
75812	7F50244F:yan_li	10	64
172157	8064C384:mohamed_ouldkhaoua	10	64
221847	125C3606:krisztian_flautner	10	63
159051	8074A309:xavier_martorell	10	62
65055	79B5413B:meiling_shyu	10	62
101706	7DF1D45A:wei_fan	10	62
153880	7DC809E0:jia_li	10	62
213225	8146D840:sourav_s_bhowmick	10	62
241280	7D27DD9C:chenyang_lu	10	61
259633	7FADF361:lizhu_zhou	10	61
8834	21908EB6:mario_gerla	10	60
19453	7DF42882:toshio_fukuda	10	60
155902	7F67D680:weijia_jia	10	60
252186	0C9CFF3F:jose_flich	10	60
242858	7F2628CC:zhigang_cao	10	60
63395	7B3D86C4:andrew_b_kahng	10	59
144512	812991FA:guoren_wang	10	59
58111	6C7A669E:susumu_tachi	10	58
58650	7E60503D:weiyi_meng	10	57
301243	80BE620B:kai_yu	10	57
21630	7D6EF172:ke_wang	10	57
17078	80522E17:jon_w_mark	10	56
186914	78455E9F:agma_j_m_traina	10	56
77334	7D1414B5:fabio_neri	10	56
1175	80DFA346:clement_yu	10	55
69804	7E7F84AF:pinhan_ho	10	55
43690	8150A0FF:divyakant_agrawal	10	55
69881	80248B65:divesh_srivastava	10	55
65569	7D87BAC2:xiaowen_li	10	55
21516	7D158FA1:wei_zhao	10	54
65992	57CA4EB9:piet_wambacq	10	54
237910	816B622B:xiangjian_he	10	54
298106	8168BD3D:yu_huang	10	53
4287	7D405383:sajal_k_das	10	53
24386	7F6DC1F4:wei_wang	10	53
186922	7DB05019:caetano_traina	10	53
64595	7E814713:floriana_esposito	10	53
92761	7DF3884C:emilio_leonardi	10	53
97266	76656E79:seiji_kajihara	10	52
1933	01B3BB5E:hussein_t_mouftah	10	52
31503	7B6278CB:gregory_d_hager	10	52
46513	6881769D:georges_gielen	10	52
68925	7C29D74F:j_ramanujam	10	52
224229	751F3290:arianna_menciassi	10	52
35887	102A9748:branko_g_celler	10	52
77266	7D16BD8A:mani_srivastava	10	52
76583	857D5E8F:qiang_wu	10	52
109303	809A849A:andrea_bianco	10	52
279130	7DD9A433:xiangyang_li	10	52
180342	7FE436DC:xiangyang_xue	10	52
210501	16B5547B:erik_d_demaine	10	51
23022	219C8610:sani_r_nassif	10	51
206305	781440FC:zbigniew_kalbarczyk	10	51
34569	771E2668:hari_balakrishnan	10	51
205240	80D2CC2F:klaus_i_pedersen	10	51
113370	7FFFEC16:stephen_john_turner	10	51
115707	760A11EB:henk_corporaal	10	51
249223	7CCC9290:ying_wu	10	50
272942	75D5D61D:george_a_constantinides	10	50
206100	7B15CAFF:marco_mellia	10	50
178821	7FABBEB2:doug_burger	10	50
294091	7E05F3DC:hongan_wang	10	50
102437	7D1FE4C6:jiangchuan_liu	10	49
180771	0D28BDFE:ewa_deelman	10	49
150407	7D7E5F07:wentong_cai	10	49
25037	7FF56C9D:sang_h_son	10	48
29536	8311D172:christos_faloutsos	10	48
33938	79433897:gerhard_troster	10	48
83672	7EB14604:shuzhi_sam_ge	10	48
180705	75846B0B:seng_wai_loke	10	48
225678	0A28B612:irena_hajnsek	10	48
319605	1DCF636A:paul_lukowicz	10	47
112718	712C7520:charles_j_alpert	10	47
57354	7D10D953:yoshinobu_sato	10	46
87968	7F86B895:stan_z_li	10	46
56429	7FA0BEE8:t_h_lee	10	46
64661	7FCC4071:phillip_b_gibbons	10	46
231484	7D2C408A:erik_g_larsson	10	46
183053	81533F50:anhai_doan	10	46
267529	29729342:stefan_langerman	10	46
21374	7EE4CB2A:janusz_rajski	10	45
7714	7FAC4A60:h_v_poor	10	45
41989	1576DFF1:h_v_jagadish	10	45
74405	06BBDE7F:ryo_kurazume	10	45
304521	00E396EC:gilles_sassatelli	10	45
19541	1538CBB6:leonidas_j_guibas	10	44
21620	7E689FB7:amr_el_abbadi	10	44
113546	7D79CC49:yong_liu	10	44
57517	7ECB42F0:deborah_estrin	10	44
103206	810D2DAB:pedro_lopez	10	44
253214	77202400:shonali_krishnaswamy	10	44
3241	839F737B:kiyohiro_shikano	10	43
14972	7F3C2C6C:mateo_valero	10	43
29469	80049242:alok_choudhary	10	43
40306	0CE3189C:martti_hallikainen	10	43
53832	821DA4B8:li_chen	10	43
203786	7B15FC2B:c_g_puntonet	10	43
323926	76230F36:jie_gao	10	42
62779	7EBBCF25:lionel_torres	10	42
82280	7FED2AE0:minoru_fukumi	10	42
287738	016E8352:yasue_mitsukura	10	42
139333	82F02DE8:divesh_srivastava	10	42
255121	807823F7:michita_imai	10	41
142052	81492EFB:daniel_rueckert	10	41
278225	0CD70ABB:frank_wallhoff	10	41
209563	8151A6B6:guozhong_dai	10	41
21391	82DD88D6:wutung_cheng	10	40
278344	7302CB37:hiroshi_saruwatari	10	40
20375	805BF7BD:chita_r_das	10	40
40312	1359E65F:jouni_pulliainen	10	40
146459	82816B69:jun_yang	10	40
190022	75711F2B:stefano_ferilli	10	40
162494	7FCC81AE:chengfei_liu	10	40
143066	8038E2BF:pengjun_wan	10	40
290280	7B2715A0:jirong_wen	10	40
70606	7C2640C8:fumihito_arai	10	39
20243	7E6AC6EA:y_pan	10	39
166441	774D6285:takeshi_ikenaga	10	39
108316	806DCDE2:zixiang_xiong	10	39
179755	7D998453:lic_wang	10	38
100248	75C29E11:andrew_r_nix	10	38
45266	7E01406F:yi_liu	10	38
104736	7C74BA20:steve_benford	10	38
100821	809FB305:ning_zhong	10	38
76654	7E101DDC:lianggee_chen	10	38
98990	0A716934:volker_tresp	10	38
311855	800A572A:xizhao_wang	10	38
55876	2B6DC36E:elke_a_rundensteiner	10	37
73322	7FB0003F:jianer_chen	10	37
54084	7EB675FA:mitsuhisa_sato	10	36
83574	763941EB:tova_milo	10	36
43816	80F47C95:mongi_a_abidi	10	36
174908	795E4D7B:andreas_koschan	10	36
127356	7DA9E3D7:hao_chen	10	36
312646	7CFE8E99:li_shang	10	36
159009	852F042C:jiannong_cao	10	36
315922	7EF31BBE:guihai_chen	10	36
198381	82F2D643:qian_wang	10	36
110729	858E2169:ning_xi	10	36
5825	7DC33D1C:howard_jay_siegel	10	35
174350	7E556751:j_z_wang	10	35
176734	7A0103F7:konstantinos_papathanassiou	10	35
7001	7B28F696:tim_finin	10	34
135343	801435BE:yasuhisa_hasegawa	10	34
323337	29055C54:maxime_sermesant	10	34
289252	76DB65A2:gabor_fichtinger	10	34
295368	7EB512A5:shaoyi_chien	10	34
14893	76E802CC:magdy_s_abadir	10	33
32865	83779960:lei_wang	10	33
203709	762BCA79:mario_porrmann	10	33
133149	684018D5:andreas_wiesmann	10	33
114629	804000ED:anupam_joshi	10	32
11934	7A92CFC6:sushil_jajodia	10	32
41381	0FF50DE3:ulrich_ruckert	10	32
60660	7DAC23F6:hunok_lim	10	32
90866	7E0BA5CE:xin_liu	10	32
41077	81515121:david_bull	10	31
96257	76BD8BF1:urs_wegmuller	10	31
9621	76FD0029:morris_sloman	10	29
183919	122091AE:emil_lupu	10	29
204864	81811562:jie_li	10	29
98784	7DF1801F:nicholas_r_jennings	10	29
272023	29EB85D1:oscar_corcho	10	29
20445	837E8EEE:zhiwei_xu	10	28
41907	804D6673:hong_jiang	10	28
97053	77221471:jennifer_rexford	10	28
323717	796EA346:hongen_liao	10	28
156756	7A90472D:muriel_medard	10	28
195396	8057A668:e_w_lang	10	27
242535	65CA6301:manfred_hauswirth	10	26
26121	7DFAA11D:mark_horowitz	10	25
142459	8403B3E8:yu_chen	10	25
78812	7E6D53EE:jiancheng_shi	10	24
94999	7FF0970C:dinesh_manocha	10	24
110950	86058467:jie_yang	10	23
64881	7FBF27C9:m_c_lin	10	23
117333	827867A8:a_gomezperez	10	23
39509	7ED006A9:xiaoqing_ding	10	22
61701	00C56E5E:c_s_pattichis	10	22
169834	0514E647:marios_s_pattichis	10	22
123199	270F785C:peter_m_a_sloot	10	22
138072	62B8C0B1:dimitrios_gunopulos	10	22
37297	80A8C3F6:yun_q_shi	10	21
186333	7D6E9EF4:andrew_y_ng	10	20
174414	283B9290:k_selcuk_candan	10	19
74511	0E745234:hirohisa_hirukawa	9	207
279532	7A2F5EF8:kazunori_komatani	9	185
63442	7E624FA8:makoto_takizawa	9	179
308333	8017177F:kiyoshi_fujiwara	9	166
122337	76A7543A:bart_dhoedt	9	156
151702	7D58539D:mingjing_li	9	150
38352	790A5AB6:david_blaauw	9	137
158833	0E99CC42:umit_v_catalyurek	9	132
101419	7E52D700:jeffrey_xu_yu	9	127
26891	7EB98F1E:chuang_lin	9	127
370409	8138405A:guirong_xue	9	122
276736	759597C3:febo_cincotti	9	121
36833	50E8004D:fabio_babiloni	9	119
266723	7CEC0D5A:yuan_xie	9	117
126266	75A7249F:hiroshi_harada	9	116
328497	753DF218:ryuhei_funada	9	114
176847	7CAC76F3:yong_xue	9	114
93547	8043DA10:zhaohui_wu	9	112
11576	0A5C2A75:heinrich_meyr	9	106
208993	7E156451:long_wang	9	104
71135	84C8AD82:michael_r_lyu	9	102
182708	7E4E1011:jun_li	9	101
84494	7EB04793:xuemin_lin	9	98
326006	034D973F:bruno_bougard	9	97
31169	2AE7B5AF:scott_shenker	9	97
274329	7EB5247F:xing_xie	9	97
41258	7DDA749D:dacheng_yang	9	96
209777	16149216:arnaud_virazel	9	95
158095	80D58ED8:ion_stoica	9	93
365221	0FBF92E1:filip_de_turck	9	92
221590	7EC4D236:takahiro_hara	9	89
219733	80D88C6B:adrian_munteanu	9	87
185369	7DD73D70:baile_shi	9	82
329848	7D28E831:dion_hoelian_goh	9	82
315182	7D35BB39:peer_kroger	9	80
95956	7E45F5A4:jose_e_moreira	9	80
116461	7ED42FFA:xin_li	9	80
270276	7E218680:dennis_sylvester	9	79
62820	8109820E:k_j_r_liu	9	78
202375	8142470E:ahmet_t_erdogan	9	78
301292	7FB76008:rong_jin	9	77
268804	80517946:hongxun_yao	9	76
198841	7FEB8AC0:jia_wang	9	76
162634	7E94597A:xindong_wu	9	76
289680	7A37F078:f_de_turck	9	75
82680	2A937B12:eduard_ayguade	9	74
238895	7E040EBB:yang_xiao	9	74
330869	7F68EDB6:guangming_xie	9	74
129473	7FAC3401:jie_yang	9	73
134642	7E56196A:bin_liu	9	73
346569	7C2AD54B:yinleng_theng	9	73
286348	8117C857:shipeng_li	9	72
145369	7F425224:hanspeter_seidel	9	71
231745	7D462AAC:dong_xu	9	71
153896	7CF354A4:hanqing_lu	9	70
35322	80B06F45:edward_a_fox	9	69
139031	8008DE57:lieliang_yang	9	68
351130	7E29A2A0:xifeng_yan	9	68
240174	810395D4:jiang_hu	9	67
366611	80B2E567:jorge_solis	9	67
86226	7DBB8489:jun_zhao	9	66
305697	7D95E071:mark_a_anders	9	65
188382	83211170:dennis_sylvester	9	65
54060	79AAE652:diederik_verkest	9	64
113385	06FF2F22:babak_falsafi	9	64
182320	860F4EFB:kotaro_hirasawa	9	63
30817	80C91A39:tatseng_chua	9	63
12878	5F653421:jim_kurose	9	62
52929	8538C8B7:qiang_yang	9	62
275727	7F1B9354:jintao_li	9	62
83879	8098E2A6:xiaofei_he	9	62
212536	0738EE84:anthony_k_h_tung	9	61
351085	7F8C7E64:samuel_madden	9	61
353114	8095B82F:wing_w_y_ng	9	61
239250	0677E3BA:tomoyuki_hiroyasu	9	61
174218	7F1A626B:noel_e_oconnor	9	60
315776	8071DD47:fengyuan_ren	9	60
59502	80006CCF:michael_j_franklin	9	60
281620	7F89F5F1:marco_bertini	9	59
51456	80C62A70:shugen_ma	9	59
23852	7DF5EE6D:alexander_g_hauptmann	9	58
125060	7F3BED47:jing_zhang	9	58
119666	81148B08:jun_sun	9	58
243725	79714F57:mitsunori_miki	9	58
198331	0C4962C1:sanjay_madria	9	57
346305	7F46216B:guangwen_yang	9	57
110743	7B963349:wenqing_cheng	9	57
29989	80F26A4A:bo_li	9	56
281804	7DE5E025:yuzhuo_zhong	9	56
106536	78BFA6EF:gaurav_s_sukhatme	9	56
63712	77E13FD9:mohan_s_kankanhalli	9	55
281029	7FAEE6C7:shipeng_li	9	55
93472	14DC1945:k_b_letaief	9	54
100360	7315F337:eric_pottier	9	54
254074	08A423F0:laurent_ferrofamil	9	54
140707	810FF4C8:jie_zhang	9	54
219734	0B30C6F0:gauthier_lafruit	9	53
192876	756C814E:m_c_carrozza	9	52
120828	7FC77763:wangchien_lee	9	52
106991	811BC456:chengqi_zhang	9	52
112194	7E0BC3AC:francois_chin	9	51
257101	810F0F1E:peng_zhang	9	51
354976	7DA1E9D9:zili_shao	9	51
259305	058F6064:helmut_prendinger	9	50
313561	862D376F:xiansheng_hua	9	50
67692	815BC45F:jian_sun	9	50
305080	7FC6A25D:mung_chiang	9	49
86435	80466419:qi_zhang	9	49
191614	80EA58AD:minyi_guo	9	49
278730	811B6529:jianxin_wang	9	49
163556	834CAE39:vishal_misra	9	48
140922	804A3F99:yingchang_liang	9	48
215417	7FFFBE8D:robert_schober	9	48
166742	7ECDD966:jianying_zhou	9	48
49411	7E0C6C08:bo_yang	9	48
144186	80B8DE30:tanay_karnik	9	48
160283	7D587B4F:yutaka_matsuo	9	47
14821	8019C29D:hideharu_amano	9	47
220129	7DE9EF55:song_wu	9	47
63939	7D4AA4F2:ramesh_govindan	9	46
31493	2A886247:ingrid_verbauwhede	9	46
275728	7DF82EC7:shouxun_lin	9	46
119763	7D12B2A1:ying_li	9	46
233811	7C1B9426:troels_b_sorensen	9	46
21051	80196C1E:takayasu_sakurai	9	45
314416	7E9C9129:weiming_hu	9	45
57844	7CFE6BE4:lei_he	9	45
102379	7E5B1237:fang_liu	9	45
69682	80747B75:yang_xiang	9	45
104875	6A4E3B64:piero_malcovati	9	44
289456	7DA670CE:xicheng_lu	9	44
76932	801C5938:shihfu_chang	9	43
67550	7E8CF06A:yutaka_hata	9	42
181894	791F5A11:syoji_kobashi	9	42
87599	7C74292B:pierangela_samarati	9	42
1681	7E7B748C:douglas_c_schmidt	9	42
329812	7FE535A5:jie_liu	9	42
161794	7A13E7F9:aniruddha_gokhale	9	42
242127	055A539C:ilia_polian	9	41
38652	097B2E2A:matteo_sonza_reorda	9	41
126063	7FF89DC6:robert_stevens	9	41
171665	03CEDCF7:gerhard_rigoll	9	41
60746	7E22CED5:tsutomu_hasegawa	9	41
68703	7BBC933B:sebastian_thrun	9	40
38233	7F1C81F2:jason_cong	9	40
73035	760EA144:tom_rodden	9	40
139351	7D7318AD:chris_greenhalgh	9	40
198254	30A64759:a_s_madhukumar	9	40
18720	7FBAC876:narayan_c_debnath	9	40
333405	76B7CAE8:german_antonio_montejano	9	40
63523	7C430214:zhen_liu	9	40
48885	7EA22BA6:jun_wang	9	40
235206	7D64B604:dan_rubenstein	9	40
63947	7D4BC413:xiaohua_jia	9	39
23336	80733D52:bernd_becker	9	39
175264	14BAFC68:liu_wenyin	9	39
118834	68ACB17E:stephen_w_keckler	9	39
99826	80B272B5:yu_cao	9	39
2350	7F0983AA:russell_h_taylor	9	38
251566	7FDD4599:fabio_casati	9	38
209020	84A7D83B:peng_liu	9	38
71175	7E64617B:qi_li	9	38
35119	7E0DFA62:yunhui_liu	9	38
12881	7E50C199:lionel_m_ni	9	38
126693	7F4A4580:qing_wu	9	38
213413	7D4BF637:patrick_schaumont	9	37
14049	80D38E23:nanning_zheng	9	37
14446	7EF900A3:bo_zhang	9	37
180376	7E61D5F6:bing_liu	9	37
16703	293DFE94:alberto_del_bimbo	9	37
109583	036D7531:alberto_h_f_laender	9	37
150865	7F2BD337:srikanth_v_krishnamurthy	9	37
37630	7D432698:li_deng	9	36
77806	7D3225FB:yanchun_zhang	9	36
89565	7FF76F5F:jongin_lim	9	36
251025	7EFDB603:sangjin_lee	9	36
98921	7F48E0D6:edward_a_fox	9	36
132928	13DB6E5E:manuel_martinneira	9	36
23566	7FD444CC:ming_li	9	36
70816	80695A8C:yun_yang	9	36
178722	7EF7540F:tughrul_arslan	9	36
133442	80E4E3E9:lixin_gao	9	35
15128	0A46A038:serge_abiteboul	9	35
258903	7518CECF:nobuhiko_sugano	9	35
100468	7EB80123:ling_liu	9	35
180599	831CC660:xin_wang	9	35
313262	807024D0:alon_halevy	9	35
324487	7D5B9BF1:jianping_fan	9	35
300347	7C36A970:michihiro_koibuchi	9	34
58972	1761A3EF:m_sonza_reorda	9	34
80873	026F876F:todd_c_mowry	9	34
127015	7D06D651:jian_lu	9	34
347703	7CF77DF9:jing_zhang	9	34
147820	7F6CB6A1:hongbin_zha	9	34
221955	7E44F935:min_wu	9	34
159640	05F6498F:忠弘_大見	9	34
366760	0198CB5B:章伸_寺本	9	34
81718	7EB3411C:chew_lim_tan	9	33
159439	09F0BA79:michalis_faloutsos	9	33
54883	7E6EA2F4:jun_zhang	9	33
47084	808D0B90:ming_zhang	9	33
26628	794A4CBC:rajeev_motwani	9	32
18071	11325A17:jack_dongarra	9	32
18321	7E24EC84:tao_li	9	32
105091	8003331A:s_c_cheung	9	32
100896	80258A37:wen_j_li	9	32
88028	06DBA2A9:rachid_guerraoui	9	32
281808	810936F9:yiqiang_chen	9	32
21248	0B055BBE:taisuke_boku	9	32
227647	7F05BE3D:yufei_tao	9	32
56345	7D450C5C:anthony_a_maciejewski	9	31
294718	54E023DE:angela_doufexi	9	31
312422	81346367:xin_liu	9	31
109577	8016AAA6:arkady_zaslavsky	9	31
231277	77F9A595:marko_hannikainen	9	31
272312	7F2F6C56:geyong_min	9	31
33686	7D889EFC:manfred_glesner	9	31
227196	8056C532:yanning_zhang	9	31
199637	489810AF:allison_m_okamura	9	30
192428	7DCA314F:lei_wang	9	30
124587	7D07EB2B:yue_wang	9	30
64146	2806B3AA:jennifer_widom	9	30
123556	7E97884A:james_c_hoe	9	30
50362	7D55D067:xiaohong_jiang	9	30
65997	8175D083:wanlei_zhou	9	30
89786	81B437D2:ning_xi	9	30
151341	7D9BBA44:william_m_wells	9	29
298065	83B2CA59:jing_liu	9	29
111131	08F249A9:karl_aberer	9	29
151321	753B22A8:takeyoshi_dohi	9	29
666	80DDA9E9:anil_k_jain	9	28
13928	7E90E3CB:john_m_cioffi	9	28
39004	75BF6D6C:ophir_frieder	9	28
80235	7CEF2139:jinhong_yuan	9	28
79603	7F44A7D2:francis_c_m_lau	9	28
24240	7909D25C:gerhard_sagerer	9	27
28329	7D929164:michiel_steyaert	9	27
11597	60A6A4A5:sergio_cerutti	9	26
91533	7D77D074:wei_yu	9	26
20300	174D2049:masaru_kitsuregawa	9	26
33019	81793E18:peng_li	9	26
33958	75E05080:franco_maloberti	9	26
47799	7D505E24:tamio_arai	9	26
89730	78513FDC:jun_ota	9	26
58544	80943675:sachin_s_sapatnekar	9	26
134032	7F367805:chi_k_tse	9	26
333580	794FD10D:schahram_dustdar	9	26
119292	7EB5D327:ferran_hurtado	9	25
45401	7DDA54D0:hong_chen	9	25
66083	7FA5C32D:xiaodong_zhang	9	25
36535	80EDE35D:a_m_bianchi	9	24
107065	7CF61EF6:dayou_liu	9	24
87923	7F021684:michael_wooldridge	9	24
267014	7E39CA04:seokhie_hong	9	24
194449	82AE1263:mark_s_humayun	9	24
107036	7F7C1817:zhigeng_pan	9	24
117930	78458428:azzedine_boukerche	9	23
14070	80EF104C:chinhui_lee	9	23
33794	7D1C8BB5:changjie_tang	9	23
40741	0DF76747:simonetta_paloscia	9	23
132805	0E0F3653:giovanni_macelloni	9	23
146413	80FE0794:suhas_diggavi	9	23
176489	07EBE1A6:pier_luca_lanzi	9	23
287077	78D26A3C:ralf_koetter	9	22
37662	8057AB50:hong_wang	9	22
77977	7E0B9FBE:chunming_qiao	9	22
63027	7BC63104:branka_vucetic	9	22
296198	7DA9E2FF:jiang_li	9	22
231340	81792E11:dongfeng_yuan	9	22
244543	0EB88E4E:joseph_v_hajnal	9	22
59066	7F8038BA:michael_i_jordan	9	21
74250	362026F8:ron_kikinis	9	21
141280	758BE206:twan_basten	9	21
79815	7E0C5EEB:rajiv_v_joshi	9	21
115259	7CCEBFE2:srinivasan_seshan	9	20
85995	81539FA3:feng_liu	9	20
15793	7D986F9C:stephen_boyd	9	19
294537	7FB4FC5A:weidong_wang	9	19
181813	807075D1:lishan_kang	9	19
163395	001DC759:philippe_bekaert	9	19
231508	77F3FA64:siegfried_handschuh	9	19
80447	841D780F:zhihua_wang	9	19
377	1018B97A:alan_s_willsky	9	18
152570	4A8C3D5F:c_c_jay_kuo	9	18
52596	768CC5D0:david_g_goodenough	9	18
68384	7DBC92AE:wei_wu	9	18
15856	78C8979F:allen_tannenbaum	9	17
63818	7DED7D82:william_t_freeman	9	17
13476	7D053876:hideo_fujiwara	9	17
127773	82BAA904:markus_gross	9	17
19565	7D09AFAE:moti_yung	9	14
40676	8170A6DF:thomas_j_jackson	9	13
106658	7EA09C9F:kensuke_harada	8	194
395382	7FD78E52:shuicheng_yan	8	191
248929	48F5A6A8:arjan_durresi	8	152
174341	7FEDACCE:minglu_li	8	149
126471	80C14C0A:qiang_zhou	8	146
199076	0F69E12A:tomoya_enokido	8	141
74356	7E511C5F:yong_yu	8	135
174797	7D745320:norihiro_hagita	8	125
378956	8030173A:jun_yan	8	120
413887	78FEACDE:david_atienza	8	118
412309	7E2BFB76:shuqiang_jiang	8	117
352476	7D6A771B:dacheng_tao	8	108
299666	7D7CB590:hong_mei	8	108
225367	7F357FCF:siwei_ma	8	107
415350	7A7090A9:gerd_ascheid	8	105
182269	812E51A2:nei_kato	8	103
33075	847143F3:wei_wang	8	101
147092	812B3684:anand_sivasubramaniam	8	96
92800	7D09E233:yoshiaki_nemoto	8	96
207754	7ECFB80B:youngkoo_lee	8	92
236367	7E0304D3:willy_susilo	8	92
266669	807ADEC5:yongdong_zhang	8	91
36834	7BF50089:s_salinari	8	89
150367	7DFF5AF8:wei_chen	8	88
286507	146F1CD4:antonio_j_lopezmartin	8	85
235150	7F395B7A:lifeng_sun	8	84
374689	802DFB51:matthias_renz	8	83
68261	00DC216E:georgi_m_dimirovski	8	82
385684	80A0A7C8:jie_tang	8	78
181933	7E4D6D82:jianqiang_yi	8	76
91980	812FD611:dongbin_zhao	8	75
388393	81112BC4:xiaokang_yang	8	75
209667	7E86FBC1:hanqing_lu	8	74
30130	80C559F6:tao_yang	8	72
385685	7EE857A4:juanzi_li	8	70
242908	776079BF:ayman_elbaz	8	69
54991	235E52B1:george_almasi	8	67
381466	7D90FEEA:mario_pickavet	8	67
167253	7F1A82F2:mugen_peng	8	66
385340	7F046EF7:yunhao_liu	8	66
128462	7FBDEED6:min_tan	8	65
329339	80045A2F:fei_wang	8	63
86269	7F0FE2D2:feng_zhao	8	63
87763	7EBD5B66:peng_wang	8	63
264975	7E2B63DC:heng_tao_shen	8	62
529	7C0525BE:georgy_gimelfarb	8	61
44640	7DEF3FEF:jose_c_principe	8	59
275760	7E7E1977:xinbo_gao	8	59
275931	801461F8:massimiliano_zecca	8	59
337933	7D5AA182:lu_zhang	8	59
127788	7D51F344:yan_chen	8	57
346810	7F1C16C2:shaoqian_li	8	57
389667	7D3FDF88:kazuko_itoh	8	56
78044	7D59933A:jie_wu	8	55
235075	7D931579:yunhe_pan	8	55
356900	7E3E454B:yongwei_wu	8	55
381671	7E7745E8:p_bernardi	8	55
86260	7E257254:lei_guo	8	54
236137	7FF40147:gang_huang	8	54
88678	85A4DFF2:bo_li	8	53
44006	7F21629F:peng_li	8	53
94408	7E23AFEE:weisi_lin	8	53
350147	7E11A500:longbing_cao	8	53
381465	8007A92F:didier_colle	8	53
67008	7DD26796:niraj_k_jha	8	51
221295	7B91EBEA:naoki_kawakami	8	50
29979	81434DF5:yu_wang	8	50
372530	8063A9B7:nong_xiao	8	50
296407	76C138FF:m_y_sanadidi	8	49
105535	7EB59AC7:yanghee_choi	8	49
29133	8145EC87:lei_xu	8	49
149898	8151C5CA:yong_zhang	8	48
137861	7AEF79A0:mircea_r_stan	8	48
248781	0B56A9C1:sylvia_ratnasamy	8	47
162243	7DE7A740:taekyoung_kwon	8	47
101874	7ED23B22:xing_zhang	8	47
162377	759B32AD:georgi_gaydadjiev	8	47
97715	76BF8DE0:stamatis_vassiliadis	8	46
153794	7F5032F7:satoshi_kagami	8	46
243218	7BDF081F:lutz_lampe	8	46
266614	7F6C611E:weili_yan	8	46
198213	7F7DFDFA:bin_li	8	46
54747	7EA691B8:johnjules_ch_meyer	8	46
250721	7BDF3457:marcus_magnor	8	45
159313	271A7D58:andreas_f_molisch	8	45
184518	7F39F014:jian_chu	8	45
81288	8065526D:zongkai_yang	8	45
43196	7F0D6AD8:kuanquan_wang	8	45
203837	8083EAD4:j_j_merelo	8	45
296763	75D65278:mehdi_dastani	8	45
202376	8144D80E:tughrul_arslan	8	44
396888	7D9335E2:guoliang_xing	8	44
239319	7F480EDF:p_a_castillo	8	43
240853	7FE30E76:laurence_t_yang	8	43
61069	7E3847A4:nigel_h_lovell	8	42
146069	7975C783:hiraku_okada	8	42
37550	7FF6D69E:satoshi_nakamura	8	42
196144	7D782A7B:xi_zhang	8	41
25100	783C6135:ian_foster	8	41
98579	79E877D6:carl_kesselman	8	41
164131	7F33846F:yuanwei_jing	8	41
28803	8163B6F1:wei_wang	8	41
32357	84A2BA3F:ming_li	8	41
191876	7FD2B2E7:daoxu_chen	8	41
76860	76E6A9DA:alex_acero	8	40
184711	7E62B266:hongye_su	8	40
258459	809572A8:shuigeng_zhou	8	40
134744	7D1D9836:hongyuan_zha	8	40
390692	7FD8C126:guizhi_xu	8	40
63769	221CA475:nassir_navab	8	39
174296	7C880A04:minos_garofalakis	8	39
207575	802CFB0F:shidong_zhou	8	38
109851	80BC0CEA:wei_wu	8	38
117834	7A492263:koen_bertels	8	38
53817	0841707D:takaya_yamazato	8	37
341252	7D5DB737:jing_liu	8	37
225274	7D632A37:bo_sun	8	37
410540	8082D122:yu_gu	8	37
139975	7DB43C7D:zhuo_li	8	37
107032	7F85C36B:xingwei_wang	8	37
258402	7F38B208:xiaofeng_meng	8	37
39569	76ECD61D:jianhua_feng	8	36
42032	80DF92FA:a_prieto	8	36
99930	80104DE2:lei_zhang	8	36
125911	84949B47:ying_wang	8	36
6922	7F960928:takeo_kanade	8	36
14974	7D24A948:jesus_labarta	8	35
116501	80FAA2A4:surajit_chaudhuri	8	35
272442	79991465:ahmad_khonsari	8	35
218604	757E2418:dong_liu	8	35
125088	860B82E7:wei_zhang	8	35
77539	72E642CE:norbert_felber	8	34
126727	7E0BE458:edwin_h_m_sha	8	34
172246	29A92209:timo_d_hamalainen	8	34
137691	80988F29:luigi_carro	8	34
22109	7D637C0C:chang_wen_chen	8	33
221296	84028F3B:masahiko_inami	8	33
263822	7D8FDCFE:jing_wang	8	33
273009	759A79F9:peter_zipf	8	33
49844	7ECC2DDB:liang_zhang	8	33
72901	7FAB5C2D:flavio_rech_wagner	8	33
110489	7F1AA18B:prasant_mohapatra	8	32
38273	12949478:wolfgang_fichtner	8	32
229898	7F9F934F:simon_k_warfield	8	32
71194	7DB55A71:hui_liu	8	32
329526	7594F451:malcolm_yoke_hean_low	8	32
236767	819412C0:bo_liu	8	32
11569	7AD98080:alex_waibel	8	31
15171	2AC4E69D:elisa_bertino	8	31
26416	7D2215A3:wayne_wolf	8	31
109542	7EC3522D:hiroshi_murase	8	31
86185	7D49E1B9:yu_sun	8	31
82189	7DAE408A:tao_wang	8	31
6038	2915CE74:umeshwar_dayal	8	30
160884	80CD11E2:xiaodong_wang	8	30
25493	7D0AD579:jie_chen	8	30
188151	7A3A6E17:dickson_k_w_chiu	8	30
183598	7C106AA4:guangxi_zhu	8	30
170377	7FF809D4:feng_wang	8	30
184250	7E4A5CFE:ernesto_damiani	8	29
18302	8092F547:michael_j_carey	8	29
33076	7E92E162:xingfa_gu	8	29
159196	821A2BEE:chennee_chuah	8	29
192031	75C31EDE:kevin_skadron	8	29
196069	81F6145C:jing_li	8	29
62290	80E80F5F:ling_wang	8	29
400248	7559C676:karan_vahi	8	29
179982	7E353776:xin_wang	8	29
189543	797CB756:boualem_benatallah	8	29
43217	7EE88A93:jianwei_zhang	8	28
49804	163392EB:a_del_bimbo	8	28
31179	75A9DB48:michel_raynal	8	28
28682	7E38DE8B:tao_jiang	8	28
45457	7EDEE9FD:bin_zhang	8	28
229251	7F9FB47A:dongwon_lee	8	28
103661	75785852:wei_wei	8	28
198086	7EE63630:rongchun_zhao	8	28
103823	7A7A0ED3:jan_craninckx	8	28
63502	7900DD34:hossam_s_hassanein	8	27
57244	7F6E41D0:tatsuya_kawahara	8	27
201057	73B7739A:steffen_staab	8	27
38853	81131ED6:james_s_duncan	8	27
174149	795B5D69:xenophon_papademetris	8	27
103405	80761F0E:xiao_qin	8	27
329739	861C40FD:jun_xu	8	27
315303	0140BA9F:adrian_david_cheok	8	27
63070	82268858:mario_gerla	8	26
248031	81B5F39F:di_wu	8	26
221056	812FDF0F:guohong_cao	8	25
64293	1183FC2F:william_gropp	8	25
150514	11BA75DA:bernhard_scholkopf	8	25
238922	1FD18C81:wade_trappe	8	25
295827	7D9D7652:ming_zhao	8	25
389198	7D2C5D52:j_m_gorriz	8	25
36479	800CC371:jun_zhang	8	24
39018	782D9030:richard_furuta	8	24
74000	6729A1A5:teruo_higashino	8	24
129504	769D693E:keiichi_yasumoto	8	24
213832	77E57DBF:christopher_gill	8	24
10301	14592651:thomas_reps	8	24
46263	7611D3AD:nikil_dutt	8	24
46642	804C2BE7:hui_wang	8	24
269786	807F672A:jeff_gray	8	24
266400	83814645:qing_wang	8	24
105560	73F43ADB:sally_a_mckee	8	24
59630	81027109:zhili_zhang	8	24
71956	299C61B8:albert_y_zomaya	8	24
264793	79E9B35D:sebastien_ourselin	8	23
53001	77C24F06:john_domingue	8	23
56627	218FC6C0:vijay_varadharajan	8	23
194429	7D176C34:james_d_weiland	8	23
73706	80B9905B:christian_s_jensen	8	23
108770	81378AB4:yin_zhang	8	23
417215	7906FF12:naoaki_okazaki	8	23
169645	7CF88696:ying_xu	8	23
27125	7A53E2B8:li_liu	8	22
37632	84B9BC0B:jian_zhang	8	22
56674	7D714F84:yan_liu	8	22
299799	7D40293A:junzhou_luo	8	22
88205	502BED39:mooly_sagiv	8	21
44788	7D34C389:jinyun_zhang	8	21
82049	02E63DB3:gert_cauwenberghs	8	21
304729	7DA65FA0:dan_meng	8	20
195361	758EC809:alexander_j_smola	8	20
279935	7DC60596:xiaobo_zhou	8	20
235192	7E100CE1:eddie_kohler	8	20
276618	82E38B5F:qiang_liu	8	20
294214	7D2E4DE3:hao_wu	8	19
64208	82A00C76:hui_wang	8	19
147387	54A07336:michael_k_reiter	8	19
93786	80726DEA:gagan_agrawal	8	19
164243	7C41BDC2:qionghai_dai	8	19
257878	80111903:alessandro_garcia	8	19
78575	7E1D46B2:kathryn_s_mckinley	8	19
43674	85F27E65:calton_pu	8	18
49899	7D4EAE0A:mingui_sun	8	18
29869	7EA52D45:jing_wang	8	18
163347	810220ED:sandeep_k_shukla	8	17
24512	2B68D6BB:yuji_oie	8	17
33779	8138E6BB:yao_wang	8	17
159918	7EF8ADC5:fredo_durand	8	17
85385	7E6BCF2A:prosenjit_bose	8	17
31343	7BB77CB9:jeffrey_f_naughton	8	16
77953	7D9D0FB5:lizy_kurian_john	8	16
221161	7D59BF0E:vladimir_stojanovic	8	16
31211	2AA899E1:donatella_sciuto	8	16
108396	804C52A4:jiwu_huang	8	16
68410	824FAFD0:christophe_diot	8	16
42965	7EDF55F0:pankaj_k_agarwal	8	16
252924	1176EEDF:alexander_v_veidenbaum	8	16
100244	7C197C19:andrea_goldsmith	8	15
127088	77768188:yong_huat_chew	8	15
25658	77236181:nitish_v_thakor	8	15
185505	7E81C7D9:yuefeng_li	8	15
88025	7A997C80:carlfredrik_westin	8	15
17416	7EC17D8F:d_de_rossi	8	15
76283	80E29C35:bo_xu	8	15
57718	7DBEB845:yong_liu	8	14
173867	79B55EC5:nikos_paragios	8	14
275948	7EF0DFD9:simon_x_yang	8	11
50754	7F2ADCB4:miodrag_potkonjak	8	10
43187	7E2A8D7A:qingming_huang	7	189
175509	76C10985:tetsuya_ogata	7	183
10777	7EE5EACF:yu_hu	7	113
335575	75F49D34:shingo_mabu	7	98
26203	7EA51AF4:c_lee_giles	7	97
82081	812196E9:ning_liu	7	93
60652	7E84D5AA:masayuki_inaba	7	90
213349	7BD2A94F:siva_g_narendra	7	79
152635	7D975913:xuelong_li	7	78
329624	809F6DBC:huajun_zeng	7	76
418280	6E37B100:tarik_taleb	7	71
316936	7994E4FB:tao_mei	7	69
245385	7538E653:tomohito_takubo	7	69
44299	776ABE7F:bhavani_thuraisingham	7	68
298415	7DD0E3D6:lei_chen	7	68
153476	7DA06AD4:yasushi_mae	7	65
106602	7A94321D:hideaki_takanobu	7	64
213642	80AB73BF:weiguo_fan	7	64
373904	7D70A9E0:sheldon_x_d_tan	7	62
466084	7E41D1A1:houqiang_li	7	62
150166	7FC7729E:min_li	7	61
186784	7A77F856:dorin_comaniciu	7	58
72544	75872224:s_donnay	7	57
299612	7271F1CA:tao_xie	7	57
375473	7E0FA44C:huajun_chen	7	56
443929	80B8A501:lirong_dai	7	56
433079	7FF8BDA3:jianjia_chen	7	56
321851	0AFDDBC8:deniz_erdogmus	7	55
327255	7FFCB90F:jian_cao	7	55
82150	81475AF6:hao_yin	7	55
352246	7DAABBEA:tieyan_liu	7	55
58085	7F9E3F0F:gang_wang	7	53
212214	7A873860:zengguang_hou	7	53
120012	7F75A177:renhua_wang	7	52
249681	7E0C050F:yunhong_wang	7	51
383285	77CBA239:cathal_gurrin	7	51
96994	8075C14D:maurizio_rebaudengo	7	50
252491	3E720F6F:tamim_asfour	7	50
132399	7E496F73:gang_zhou	7	50
34845	14C1E392:david_e_culler	7	49
39532	7FCD73A7:yang_wang	7	49
78293	4DCCC734:rudiger_dillmann	7	48
90381	13E7C13B:wim_dehaene	7	48
108585	7AC7BD33:jiebo_luo	7	47
39836	7DBC96BF:yu_wang	7	47
109937	8545020D:yang_yang	7	47
100959	84DF16DC:hao_wang	7	46
332430	802ABA30:mei_song	7	46
209757	7D96555F:wei_hu	7	46
83385	76C8CD90:anand_raghunathan	7	45
25210	808BA72A:lothar_thiele	7	45
101780	7FDE80B4:susu_yao	7	45
247216	809C05EC:xin_yang	7	45
237823	7B9D5FCC:bogdan_georgescu	7	45
250129	7D2CCF0C:tomohiro_tanikawa	7	44
233454	7B08713A:hector_pomares	7	44
78374	7D340074:michitaka_hirose	7	43
92542	7EE1FB1B:hang_li	7	43
21824	80FCA44F:raghu_ramakrishnan	7	43
448676	7D2C1A3A:chen_wang	7	43
130156	7FA6D614:hai_jiang	7	42
352330	802A6DDF:nenghai_yu	7	42
332429	7DEDC429:junde_song	7	42
5817	7D9AE6B0:satoshi_goto	7	42
63512	7F4D7E41:ming_liu	7	42
179061	7F82E4AB:william_j_kaiser	7	42
83390	7F022BB4:teiwei_kuo	7	42
113161	82A425CC:bo_liu	7	41
208777	7F1BE70A:yu_zhang	7	41
94265	816B9092:jie_tian	7	41
211446	7E200C61:sanglu_lu	7	41
48858	80D570B8:tao_li	7	40
136578	7CF5A328:xiaoqing_wen	7	40
18310	1EAFC7AC:gerhard_weikum	7	39
266405	80D11EF9:jia_liu	7	39
83575	7AF6D7D6:laks_v_s_lakshmanan	7	39
80699	76FDA67C:dimitrios_soudris	7	39
80888	11B0BED1:eugenio_guglielmelli	7	38
86207	804DEFCC:yi_wang	7	37
130872	7FAE9055:yang_yang	7	36
70216	7A4FD753:masahiko_tsukamoto	7	35
353152	7D1130B5:ming_yang	7	35
300874	8118A14E:jieping_ye	7	35
78032	8175183B:scott_mahlke	7	35
37393	7FE1E3CD:shinichi_tamura	7	34
363636	7E87EB39:lingjyh_chen	7	34
86576	84B06025:liang_wang	7	32
108462	7D3C1C29:jun_guo	7	32
166216	8187A14F:tong_zhang	7	32
301354	7E3C32A7:wei_jiang	7	32
128185	81589516:yihong_gong	7	31
355351	7C23B7C8:li_ma	7	31
107079	7CF1C640:jun_zhang	7	31
396561	80F6E83E:yanxiang_he	7	31
412705	7EFE86A1:xu_li	7	31
97443	77331C70:kunle_olukotun	7	31
259708	75501785:hamid_sarbaziazad	7	30
407369	2A835758:christos_kozyrakis	7	30
72077	7DE15F4D:jie_yang	7	30
34310	7EED3300:zhengyou_zhang	7	29
49527	8168843B:xiang_zhang	7	29
98123	8020D3E9:philip_h_w_leong	7	29
56329	7CFA63A2:xin_chen	7	29
71834	7E44D230:min_wang	7	29
118185	1228C409:andrey_v_savkin	7	29
26994	847F32DF:yi_liu	7	29
43241	7EB27A51:bing_xie	7	29
235052	7AFB7CBE:ichiro_ide	7	29
25321	300E529A:guido_gerig	7	28
26307	7E49CA2F:jian_tang	7	28
61401	7F364088:derek_l_g_hill	7	28
236401	809199BA:zhihua_zhou	7	28
117907	187EA6D7:sotiris_nikoletseas	7	27
61402	8077F3BB:david_j_hawkes	7	27
74324	7E788556:jiming_liu	7	27
261657	7EA6132D:yan_sun	7	27
185520	82A9C9B9:tao_yu	7	27
87174	2930E90A:frank_dignum	7	27
141090	802B6721:youxian_sun	7	27
73313	77F4D615:david_r_karger	7	26
45624	7D649EDD:xiaolin_wu	7	26
222586	807B90B4:jing_chen	7	26
352489	7F5569E1:dan_zhang	7	26
386121	7B15B36D:depei_qian	7	26
117427	7C62B1D2:krishnendu_chakrabarty	7	26
110624	841E8234:jin_zhang	7	26
413446	7DECFA12:yuanan_liu	7	26
9337	7574996B:moshe_y_vardi	7	25
39696	7F80E4F8:sing_bing_kang	7	25
67224	7F3161EA:dong_hoon_lee	7	25
37634	7D2F1B35:xing_li	7	25
75328	7F907925:jing_peng	7	25
323297	7935242D:thiemo_voigt	7	25
10334	7CE9BE0B:paul_g_spirakis	7	24
22883	81388FC0:deborah_estrin	7	24
41063	7DF3316A:ping_zhang	7	24
793	8043052A:kewal_k_saluja	7	24
41592	0E44A863:bashir_m_alhashimi	7	24
363813	7FA6D958:yansheng_lu	7	24
120637	82DAE7E8:tianyou_chai	7	24
140218	2ACC69A6:maneesh_agrawala	7	24
49117	8096F983:james_c_gee	7	24
80836	82E67B22:yan_wang	7	23
178824	29B5A5B6:annemarie_kermarrec	7	23
89611	7FF1EEA7:guoliang_xue	7	23
229193	11DE36AF:angelos_d_keromytis	7	23
89174	8096E3B1:manish_parashar	7	23
39519	80DA9751:gang_wu	7	23
203986	8158A726:eamonn_keogh	7	23
55285	7EC11591:dhabaleswar_k_panda	7	22
87702	7E1FE7C1:hua_yang	7	22
102712	7F68BC1A:li_zhao	7	22
199198	80317135:mark_harman	7	22
151514	7FFC1382:yi_zhang	7	22
71147	7D7AB5B7:xiaoming_li	7	22
170032	7F495E1A:bin_zhang	7	22
44592	7A1D2314:grigoris_antoniou	7	22
178636	7C090896:eckehard_steinbach	7	22
244533	7ACBEF27:martin_styner	7	21
98050	7C2A2CD0:ralph_etiennecummings	7	21
119157	2DF083B5:frank_m_shipman	7	21
62505	80482DCE:c_c_j_kuo	7	21
29233	808985CF:michael_cohen	7	21
64823	8476D69E:yong_zhang	7	21
54284	7F1518A9:jie_xu	7	21
248875	7F9A9B45:yan_wang	7	21
347585	7D4AE9CE:ying_chen	7	21
78072	7D13715C:xuejun_yang	7	21
76675	818BF0B5:hui_li	7	21
165393	7DAD11B0:guido_governatori	7	21
7795	7FB90EFD:john_r_smith	7	20
196722	7F6C461D:yimin_wang	7	20
49099	7E03D4A7:yuanchun_shi	7	20
127042	8274D9C4:jian_zhang	7	20
315978	83EE4957:laurence_t_yang	7	20
371211	8320510C:tao_liu	7	20
158860	0E86DC57:david_e_bernholdt	7	19
252247	291D63B2:robert_m_hierons	7	19
4945	81294432:dharma_p_agrawal	7	19
299814	807B42D9:jun_zhang	7	19
85566	80A31747:harald_gall	7	19
171978	7D692F97:xiaodong_wang	7	19
120689	7F7A9421:max_q_h_meng	7	19
159584	2B76BBAD:abderrahmane_kheddar	7	19
326663	82A34DB4:zhiliang_wang	7	19
150143	7FA47AE5:tanja_schultz	7	18
106993	7F28A679:ninghui_sun	7	18
143902	7EBD27F7:songwu_lu	7	18
53518	801EA746:shuvra_s_bhattacharyya	7	18
72683	8135EE00:tok_wang_ling	7	18
33859	7628BD51:nigel_shadbolt	7	18
335788	81691E43:kun_yang	7	18
116821	81676469:shrikanth_narayanan	7	18
134700	7DBA6CDB:susanto_rahardja	7	18
95543	6014D399:hannes_bleuler	7	18
103508	7B3551B2:daniela_rus	7	18
151939	805494EB:carlos_eduardo_pereira	7	17
227513	5F681E05:bhaskar_krishnamachari	7	17
169433	09C03604:etienne_burdet	7	17
37204	7EF7211C:hong_wang	7	17
86712	6843208C:dimitris_plexousakis	7	17
33079	7D7B9DD9:eitan_altman	7	16
76496	77922124:marc_moonen	7	16
172707	7EA7EEBB:antonella_molinaro	7	16
147524	7D8B1C37:xin_yao	7	16
123290	77E236D4:marian_bubak	7	16
147059	81194884:mohammed_j_zaki	7	16
187916	7FE09175:bin_chen	7	16
72808	7FFDDB95:daniel_a_keim	7	15
26965	815F4B3F:lixia_zhang	7	15
197783	28A4FEA0:anthony_vetro	7	15
102012	83174548:chintha_tellambura	7	15
30827	80BA3AEA:jian_wang	7	15
357620	814F4BAB:qinhuo_liu	7	15
43662	29083198:victor_c_m_leung	7	15
430630	8130502D:a_mercha	7	15
96879	0496F91B:franco_fummi	7	14
50162	0166C011:taghi_m_khoshgoftaar	7	14
178278	80DE9719:lei_zhu	7	14
24700	7D1D5AAF:josef_a_nossek	7	14
31057	809C8E9F:hsinchun_chen	7	14
222624	0597F9FC:frank_h_p_fitzek	7	14
106776	7D279165:qiang_huang	7	13
32371	7D8545F6:rudi_studer	7	13
299743	80CF0BBA:yong_tang	7	13
15984	7D8C5EF2:bradley_j_nelson	7	13
27243	8551E514:jun_liu	7	13
106992	82CD29E5:hong_shen	7	13
59674	7EC00650:anish_arora	7	13
156304	810CADBD:gang_li	7	13
166853	7B775121:yuichiro_shibata	7	12
315178	7C34F3B5:johannes_gehrke	7	12
302586	79CC14BA:alex_galis	7	12
28370	812FF69E:daphne_koller	7	12
193992	115E5BB4:ryosuke_shibasaki	7	12
287383	10341CA0:robert_bogdan_staszewski	7	12
380314	78EF8834:john_wallberg	7	12
184018	7FE1B4EB:hari_sundaram	7	11
287324	0ED75519:wolfgang_utschick	7	11
89812	7EFA202A:toshihiro_hattori	7	11
25498	7D87E4D7:makoto_shimojo	7	11
270885	77172889:peng_ning	7	10
15915	75B4290D:boleslaw_k_szymanski	7	10
87484	7F170A7E:rolf_drechsler	7	9
358796	5C333FBA:takahiro_irita	7	9
13973	7D8A68CE:rama_chellappa	7	9
99403	6C5B8284:dale_schuurmans	7	9
501434	75FF48B6:mitsuharu_morisawa	6	143
478045	11AD67B6:leonard_barolli	6	138
161511	7DDB19DA:wenwu_zhu	6	100
35190	7D420BB4:hirochika_inoue	6	95
504332	7ED31E1A:donatella_mattia	6	91
442976	7D0ECC8D:l_astolfi	6	89
122630	7DFA9EEA:hsiaohwa_chen	6	76
64336	760989F2:jun_gu	6	74
195785	8205FDC4:hiroshi_harada	6	69
494577	7E3D1688:a_bosio	6	69
132461	7DBE521C:prasenjit_mitra	6	68
51237	7DDB4399:minyou_wu	6	65
200232	7BF745A2:j_m_mendias	6	63
441840	7D39ADFB:agatha_d_lee	6	63
510544	7D6CA92C:jianping_guo	6	62
158212	82583E30:sungyoung_lee	6	59
2993	807751C3:h_de_man	6	57
309175	8028C0E5:jing_liu	6	57
282488	7FBDA4C8:jian_cheng	6	56
59785	7D29BB8C:hujun_bao	6	55
155235	7D77D3D9:ying_zhang	6	54
317248	797A6ABC:jose_g_castanos	6	53
124096	80C57F17:makoto_ikeda	6	53
156250	7DAFAA04:yimin_zhang	6	48
185218	7F2CEC81:jinian_bian	6	48
39422	80BD12D9:wenjun_zhang	6	48
358784	7F1231FB:nitin_borkar	6	46
83838	7D8FB58B:aly_a_farag	6	46
386317	7D15BD6B:jianjiang_lu	6	43
80448	7D866E4B:huazhong_yang	6	43
69758	7B8E4A34:hamid_sharif	6	41
463444	7FBFD507:l_j_herrera	6	40
71552	7DEDFF2D:gareth_j_f_jones	6	39
317249	7979C4BC:maria_eleftheriou	6	38
198758	6A909B50:anastassia_ailamaki	6	37
251293	2C27F6C5:ioana_manolescu	6	35
281527	75652365:jose_r_brunheroto	6	35
29383	7EF84BEE:jianzhong_li	6	35
279280	84C39BAE:francois_horlin	6	34
59349	65061DF3:a_baschirotto	6	34
209916	7CB66567:petri_mahonen	6	34
26746	295B6715:lillian_n_cassel	6	33
145068	7FAB3828:sungyoung_lee	6	33
139773	75E678D2:calin_cascaval	6	32
394083	12FD2B39:janne_riihijarvi	6	31
4794	7D2E7312:katsumi_tanaka	6	31
54035	80A4AF26:chaitali_chakrabarti	6	30
76142	7F9D979B:tao_wang	6	30
164669	7FA5B81C:dan_wu	6	30
95333	7CF6474E:hongji_yang	6	29
71488	13D878E8:eliathamby_ambikairajah	6	29
218131	7F306D32:zhoujun_li	6	29
243970	7D85B007:ravi_iyer	6	29
491624	7D77A06B:prabal_dutta	6	28
47899	7F890011:li_wang	6	27
154095	7D239C83:w_deng	6	27
236622	7E8393F3:shazia_sadiq	6	27
438095	7E8D6BDA:donald_newell	6	27
187775	814A5E31:w_e_dixon	6	26
157291	7EB33480:joo_hwee_lim	6	26
95794	7CF84A21:rita_cucchiara	6	26
61815	802933B0:bin_he	6	26
246437	814BDEFF:lin_yang	6	26
81577	7CF9894E:haizhou_li	6	26
4322	772560B2:michael_stonebraker	6	25
64215	806F4690:josep_torrellas	6	25
244906	8250234C:fan_zhang	6	25
107013	7EFD6E01:xiaohua_hu	6	24
219359	7D099768:jun_kong	6	24
38289	2C7E6FBC:yusuf_leblebici	6	24
55551	7FBD6B21:nirwan_ansari	6	23
127492	7D1F2BAE:bo_chen	6	23
112568	7C09FE2E:alexander_zelikovsky	6	23
93102	76A4AFD4:anantha_p_chandrakasan	6	23
180179	81197C3C:wagner_meira	6	23
14445	8139E1E5:ling_zhang	6	23
152888	7EB9B276:jianhua_ma	6	23
286389	7E0D0C66:yu_cheng	6	22
166408	8023C793:qinghua_zheng	6	22
158520	7FB64F7B:bin_wu	6	22
370364	85EB4BE6:jing_wang	6	22
103082	808745B0:yuguang_fang	6	21
443796	2BD4C7AB:britta_wrede	6	21
462074	01D240AD:adam_dunkels	6	21
277260	81239105:yan_chen	6	21
180217	80509AFE:chengxiang_zhai	6	20
207937	7FE30EDB:yi_ma	6	20
196002	80DBB97B:hai_zhou	6	20
261513	7FB03B17:ting_liu	6	19
313452	01941BB0:wolfgang_kellerer	6	19
30821	858E3759:jian_wang	6	19
59626	814598F7:xiaotie_deng	6	18
34068	7B643DDA:norman_w_paton	6	18
20498	807EAE28:hong_zhang	6	18
299803	848735B4:jinxiang_dong	6	18
73712	800A3385:lemin_li	6	18
127874	7CF08647:jing_zhou	6	18
373674	811F3D3C:liusheng_huang	6	18
77318	7C52E731:ness_b_shroff	6	17
92337	7B8A5E66:naofal_aldhahir	6	17
353074	7EC140CE:siwei_luo	6	17
76038	850A1DFE:li_wang	6	17
107070	7F8051FA:jiandong_li	6	17
208768	7DE6713C:tao_zhang	6	17
327414	09490B1B:emilio_corchado	6	17
350321	810F7579:hong_peng	6	17
235342	7F808151:yi_wang	6	17
135056	8031356D:dinggang_shen	6	16
89481	147E24FE:wolfram_burgard	6	16
327613	7D15643C:shahram_izadi	6	16
20138	085AA0D5:ahmed_amine_jerraya	6	16
172957	7E59D6C6:bin_wang	6	16
51844	80880315:bart_preneel	6	16
409649	12004BF3:bronis_r_de_supinski	6	16
58649	7DCA8BAE:wei_sun	6	16
47367	71D7F5A7:guang_r_gao	6	15
39403	7D090F60:ching_y_suen	6	15
172887	0D02BCA6:nick_mckeown	6	15
115215	097C5971:klara_nahrstedt	6	15
150794	8151D703:lichun_wang	6	15
257577	851E4DCB:lei_wang	6	15
293363	7EA4081D:yu_li	6	15
205062	7D3B49A8:liangtien_chia	6	15
109107	7DC25DDA:yaowen_chang	6	15
187313	829010DD:hui_li	6	15
21886	7BDD31AF:j_j_garcialunaaceves	6	14
33118	810AC63C:satoshi_matsuoka	6	14
89816	7EEE5AEE:jian_li	6	14
51157	7F119A13:steve_chien	6	14
259319	7EBEF19B:rebecca_castano	6	14
232444	7F19C8F8:wenfei_fan	6	14
16830	2AFD21EF:victor_o_k_li	6	14
153030	80F67BDB:xinmin_tian	6	14
51636	80C9227D:richard_m_murray	6	14
54145	120B1A43:peter_corke	6	14
122300	81547C9D:fernando_moraes	6	14
152199	7CF52C96:yappeng_tan	6	14
117861	7E0B87E2:kentaro_toyama	6	13
73812	7E85E3D5:richard_b_brown	6	13
46774	75401549:benoit_macq	6	13
40897	82D79AA4:ling_chen	6	13
187957	0F26CC64:mukesh_mohania	6	13
210750	7FDD79A7:yantai_shu	6	13
190674	75D20539:mohamedslim_alouini	6	13
33516	7FF3BBD7:tadahiro_kuroda	6	13
97561	7D635B8F:nalini_venkatasubramanian	6	13
67987	7CEA7A41:quan_pan	6	13
41798	7C0BEC8C:andrzej_cichocki	6	13
429807	0332F268:uira_kulesza	6	13
277337	7DE96B56:chen_yu	6	13
146553	80CD4847:xiaoyu_song	6	13
23357	7DA655C6:richard_m_fujimoto	6	12
23889	7D470804:hideki_imai	6	12
63531	7C5A7E88:henning_schulzrinne	6	12
301766	781BDF4E:hooman_darabi	6	12
5451	5083853B:frank_k_soong	6	12
32499	7ECFCAF7:yuncai_liu	6	12
42890	8123A609:kai_li	6	12
191172	7ED0117A:gerhard_krieger	6	12
151354	7D832334:joan_serrat	6	11
346946	7F25C89A:lieguang_zeng	6	11
65266	7DEFB4BD:dan_feng	6	11
99829	7EDAEB0C:ping_guo	6	11
39817	7D7001D4:yangsheng_xu	6	11
99712	190CC491:thomas_eiter	6	10
221456	113BBABC:polina_golland	6	10
146246	80FDE578:zhixing_yang	6	10
37187	814FDBC9:sanjay_jha	6	10
10155	7D0CB5F4:dhiraj_k_pradhan	6	10
170248	80048315:alejandro_f_frangi	6	9
66927	7EE42674:masatoshi_ishikawa	6	9
350202	7FCA6321:pu_han	6	9
414595	79DF1C82:一成_石丸	6	9
414744	7E59B078:伸俊_青木	6	9
160164	7E71EFFC:karl_henrik_johansson	6	9
399385	80252373:jianhua_li	6	9
14497	7BF2552C:minoru_asada	6	8
99382	216E60E4:daniel_s_weld	6	8
8318	7D323C65:jaime_g_carbonell	6	8
52343	7E80B9BB:mingsyan_chen	6	8
49980	80789720:paul_h_lewis	6	8
6518	088904C9:jan_m_rabaey	6	7
37919	7C2AD6C1:gerhard_fettweis	6	7
260190	2BEEFF14:rajkumar_buyya	6	7
14055	764FDF8D:aggelos_k_katsaggelos	6	7
251492	07344958:g_m_p_ohare	6	7
667	0C652565:john_s_baras	6	7
106033	796F5D63:jean_vanderdonckt	6	7
7324	7642147B:karsten_schwan	6	7
398606	7DC0BB23:chunguang_zhou	6	6
586099	73F03218:xavier_boschlluis	5	89
586098	723C53E6:i_ramosperez	5	86
48752	7FCB9B21:yaqin_zhang	5	82
586097	75C8CBD6:j_f_marchanhernandez	5	76
447267	7F3494B2:guoyin_cai	5	72
218211	760395AA:m_g_marciani	5	70
588827	75DFB98B:natasha_lepore	5	69
460768	80DD9384:yiyu_chou	5	67
447264	7D4B27F5:yincui_hu	5	65
447270	7D15FAA6:shaobo_zhong	5	65
290243	7F079769:ajith_abraham	5	53
122919	12772884:abbas_jamalipour	5	52
122029	7E092225:geert_deconinck	5	48
294670	76D9BFB8:merouane_debbah	5	48
152366	0FB992A4:bernd_girod	5	46
320124	7926E502:sriram_r_vangal	5	46
194988	83347322:are_hjorungnes	5	42
346770	7CF22D08:karin_strauss	5	35
121414	766739B3:yong_shi	5	35
33640	7D7021BB:kwangting_cheng	5	34
345	7283659F:tamer_basar	5	33
25473	71BAC0D6:kazuo_tanie	5	33
418634	78A3D443:anastasia_ailamaki	5	29
289692	7F24B74E:jian_ma	5	28
270326	80143470:makoto_takamiya	5	28
106511	7E2DB52E:eiichi_yoshida	5	28
44266	7F332AF3:d_m_dawson	5	26
215642	7EDDEB05:yong_he	5	26
268803	7F990360:rui_wang	5	24
12145	05D9E3B8:norio_shiratori	5	24
44226	85447164:jun_liu	5	24
93488	7FC717AC:yi_sun	5	23
112373	80469809:takeo_igarashi	5	23
9633	0E26BDB3:hector_garciamolina	5	22
37317	685B605B:urbashi_mitra	5	21
449158	7D99E85F:tianzhou_chen	5	21
20941	7DF887DC:yoshihiko_nakamura	5	19
222031	7F2F9D29:mei_yu	5	19
251172	7D38B6D1:dengguo_feng	5	19
191938	7EEE39DC:xin_zhao	5	19
309140	796CF8D9:chris_nugent	5	19
101995	7D399642:yan_zhang	5	19
281806	85722688:yang_li	5	19
263232	7CEC6407:xiaohu_you	5	19
182259	813C100F:ping_wang	5	19
108634	7DFAD0E0:qiang_li	5	18
237267	137327F2:danica_kragic	5	18
94245	7FA8609F:jiang_liu	5	18
20503	7EC80862:deshuang_huang	5	18
33850	7E444218:elisabeth_andre	5	18
51468	79603953:shree_k_nayar	5	18
65183	7FD55FA4:xiamu_niu	5	18
207806	76D5B5B0:daniel_gaticaperez	5	17
249853	80C6C9B0:rui_l_aguiar	5	17
113869	80D08846:hiroshi_kawaguchi	5	16
43981	6F72BC67:majid_sarrafzadeh	5	16
38453	25F02587:salvatore_marano	5	16
115153	7D94F2C9:enrico_motta	5	16
141684	7D67485A:luc_van_gool	5	16
313227	77D01F0D:chao_wang	5	16
81836	78D35851:s_h_ong	5	16
108816	11A4FE82:rahim_tafazolli	5	16
101079	824765E6:jian_huang	5	16
32571	7DFEB9A3:sheng_li	5	16
13449	7BC39013:paolo_prinetto	5	15
166173	7B04E8B1:michael_luck	5	15
78682	7F724BAF:kouichi_sakurai	5	15
375024	7FEBFCB6:zhiyong_feng	5	15
215800	8068CBD0:zhisheng_niu	5	15
140243	80FFE0DD:prashant_shenoy	5	14
85727	1108B76F:david_doermann	5	14
38480	7FE5CD2E:li_wei	5	14
127337	8075880A:yuanyuan_zhou	5	14
152530	803F67EF:jie_zhou	5	14
115000	79F8CA0A:antonio_a_f_loureiro	5	14
573248	82E58DAF:z_ren	5	14
189579	80C9EE92:henrik_wann_jensen	5	13
73353	8026929D:kalyanmoy_deb	5	13
188874	74986788:igor_l_markov	5	13
98973	093BF2F8:babak_hassibi	5	13
373672	811AE621:jiaguang_sun	5	13
393808	75F1892D:juan_m_corchado	5	13
113438	10D640DB:paolo_ienne	5	13
109468	7D4E687C:hanspeter_pfister	5	13
247870	75508050:danilo_p_mandic	5	13
214803	7ECED135:frank_leymann	5	13
213976	86230578:ramesh_raskar	5	13
54780	2A57DD68:ignas_niemegeers	5	13
39169	7C80F702:viktor_k_prasanna	5	12
12534	6B8A3D94:katsushi_ikeuchi	5	12
117918	80A33DB7:haim_kaplan	5	12
30820	7D28C0BE:jian_wang	5	12
62712	7A4DCCBA:alois_knoll	5	12
64596	3BA0FA49:donato_malerba	5	12
145663	80769929:s_khorram	5	12
331972	82D692FB:ruimin_shen	5	12
38367	7EAF9DF7:biswanath_mukherjee	5	12
134648	7FD5BBB2:sergio_bampi	5	12
17155	299D6E11:amit_p_sheth	5	12
279230	7FD09D02:yong_liang_guan	5	12
71019	7EA00322:wang_yi	5	11
31063	13E99422:pascal_fua	5	11
236160	7937E9FF:david_z_pan	5	11
37674	7D2A6BDB:ling_guan	5	11
26728	08284DBE:witold_pedrycz	5	11
340963	80F4C724:xi_chen	5	11
426934	833756C1:yang_liu	5	11
106609	7EC6C675:jengshyang_pan	5	11
26871	6FABED11:georg_gottlob	5	10
57902	80593C2B:lihua_xie	5	10
21927	039CEC0C:georgios_b_giannakis	5	10
80821	850CDF75:tsuhan_chen	5	10
147060	7F28A258:roberto_baldoni	5	10
25110	07598D4A:kotagiri_ramamohanarao	5	10
93194	7F70F65C:zhaoyang_zhang	5	10
59918	28CFA84F:ozan_k_tonguz	5	9
125733	10F71917:takeshi_naemura	5	9
129368	609DA0A6:bernt_schiele	5	9
56907	7E402C4E:daniel_thalmann	5	9
58975	7DC240D3:kaushik_roy	5	9
4616	28A05731:alberto_sangiovannivincentelli	5	9
25312	7BF9CFF9:allen_d_malony	5	9
43581	7D7509DE:vijay_k_bhargava	5	9
30734	468BA1A6:wenmei_w_hwu	5	9
138552	8125E801:xiang_li	5	9
353442	813CB3DD:jianping_yin	5	9
192095	7EF737CE:ravin_balakrishnan	5	9
7620	8021B571:shankar_sastry	5	8
46578	7877F6A6:thomas_a_henzinger	5	8
67278	7846E1EC:jurgen_teich	5	8
78190	80985185:feiyue_wang	5	8
112921	7E5A3793:eby_g_friedman	5	8
238481	06D7F06B:naira_hovakimyan	5	8
275247	7F08534C:dawn_song	5	8
403606	7D781109:qiming_qin	5	8
59428	7EA119C4:sikun_li	5	8
140285	7B9D0509:timothy_k_shih	5	8
118416	84894EBD:jie_zhang	5	8
42484	778CC2F7:yoshitaka_shibata	5	7
55331	76B79681:dimitris_metaxas	5	7
174608	7CFD5A19:hyunseung_choo	5	7
94181	7FEF0C25:yuchee_tseng	5	7
21273	79726A81:william_j_dally	5	7
27079	7100CF5E:wassim_m_haddad	5	7
94503	6E613E89:johan_h_c_reiber	5	7
47324	7E950810:xiaoyong_du	5	7
23060	7D18D664:syyen_kuo	5	6
39593	74214931:horst_bunke	5	6
191321	15EFF37F:lorrie_faith_cranor	5	6
47307	7517681E:marco_conti	5	5
125774	77E9EED3:alex_b_gershman	5	5
141325	80DCB9F7:julian_f_miller	5	5
37680	80BA65AA:qinye_yin	5	5
66038	0B4E11F7:alexander_romanovsky	5	5
44655	7EA8E565:hiroyuki_kitagawa	5	5
254834	7DF6114D:zhaoliang_li	5	5
145810	776C2555:fatos_xhafa	4	127
304866	7D29203C:benyu_zhang	4	113
16818	7E61F856:shuzo_kato	4	107
540451	7D90F888:zhou_lan	4	95
435760	7E0DFF97:xinbing_wang	4	43
346755	7F07B7EC:alan_g_gara	4	33
298612	806B855D:youyun_xu	4	33
254602	751236D1:jindi_wang	4	32
346753	75E86186:blake_g_fitch	4	32
299714	80CFA8EA:jinxiang_dong	4	29
59807	2AADFD6A:shlomo_shamai	4	24
532246	79E99278:stanislav_filin	4	24
526749	8078E5F3:yong_qi	4	23
76793	0E241833:moncef_gabbouj	4	20
30072	7831F17D:samy_bengio	4	20
84818	78F3983A:h_vincent_poor	4	20
149630	831E55D4:yonghong_yan	4	19
148967	7EA1D30B:bo_wang	4	19
122416	7B860DCA:maurice_mulvenna	4	18
35274	7D8C29B0:martin_buss	4	17
147439	7BAA8309:dieter_fensel	4	16
337278	05D4B830:susana_sargento	4	16
250677	7581B5DE:khaled_benkrid	4	16
178937	7DD5DB89:moe_z_win	4	15
47792	03B60897:hajime_asama	4	14
39579	7EE604E1:henrik_i_christensen	4	14
42650	7DC2D174:john_yen	4	14
352877	84E3C655:yong_wang	4	14
39303	762FD592:robert_sabourin	4	13
53030	7B55128A:vasant_honavar	4	13
275912	83B05B31:ying_wang	4	13
266456	805F02C6:hui_xiong	4	13
29828	77AC8F70:matti_pietikainen	4	13
17369	8087AFEE:joseph_s_b_mitchell	4	12
87916	7F2821D0:barry_smyth	4	12
51610	7D5455A7:david_e_goldberg	4	12
124452	0A401802:dirk_stroobandt	4	11
231053	7FDF1771:henri_casanova	4	11
39377	7D9E6CFB:jianchao_zeng	4	11
112331	73985AAB:maryam_rofougaran	4	11
185858	7F2CE8CA:guangzhong_yang	4	11
167289	802080A8:ye_li	4	11
103448	7E0F22A8:guillermo_sapiro	4	10
22237	4C003C00:maurice_bruynooghe	4	10
85911	72240532:nobuaki_minematsu	4	10
102014	27E4BB43:costas_s_iliopoulos	4	10
6324	7E98F775:larry_s_davis	4	10
75796	7FE3B8B3:zheng_zhang	4	10
122721	83499AE5:raouf_boutaba	4	10
64650	7A0307AC:edwin_r_hancock	4	10
443680	7E6B363C:jinkuan_wang	4	10
237091	61F1FBBD:omer_f_rana	4	9
43105	7DE39704:zhongzhi_shi	4	9
120975	8169B20A:robert_france	4	9
286959	7E5FCF13:yixian_yang	4	9
101690	7D525DC9:jianping_li	4	9
86464	7F7754FB:george_j_pappas	4	8
74316	81523A40:keigo_watanabe	4	8
46777	819C3F77:luc_vandendorpe	4	8
11030	7F8DF33C:jacob_a_abraham	4	8
26381	7EBCD6BD:lui_sha	4	8
77601	23DC546D:jessica_k_hodgins	4	8
78441	800534FB:zengqi_sun	4	8
203148	840FED8B:yenwei_chen	4	8
85742	7F0AE3A9:hong_yan	4	8
280008	7366F2CB:szymon_rusinkiewicz	4	8
12115	7D404B2E:martial_hebert	4	7
23962	7CF42E66:kiyoharu_aizawa	4	7
70436	803ECE0D:dagan_feng	4	7
271174	7EA48F5C:christian_paulus	4	7
146352	8062439A:wei_guo	4	7
258266	7341EC32:klaus_wehrle	4	7
188141	0DA8C318:zakaria_maamar	4	7
245061	657E1B6F:hussein_a_abbass	4	7
59104	0CB23132:wolfgang_nejdl	4	7
56745	7E38E131:roberto_cipolla	4	7
72786	79383202:oscar_pastor	4	7
147560	7D8EC6E1:sangjae_moon	4	7
158836	79708394:rob_procter	4	7
305142	65447F4F:chadi_assi	4	7
11951	7F098BBC:gordon_s_blair	4	7
308086	7D3BE640:dinesh_kumar	4	7
14653	807A4A31:masahiro_fujita	4	6
132372	7DAFC5AB:manuela_m_veloso	4	6
42926	1F81A079:ricardo_baezayates	4	6
179116	7F0D0FEE:guyeon_wei	4	6
783	80D0974D:john_mylopoulos	4	6
9440	79A76B63:hermann_ney	4	6
19437	73B16A1F:doris_schmittlandsiedel	4	6
159108	77BD2435:philippe_o_a_navaux	4	6
108812	75C29F98:michele_zorzi	4	6
234603	79C012FE:fedor_v_fomin	4	6
78356	7681C4AA:roland_siegwart	4	6
151304	801BA697:pengcheng_shi	4	6
116245	772386A1:史倫_松岡	4	6
470693	7F5D86DC:正明_岩井	4	6
168750	147D4A86:mourad_debbabi	4	6
174858	80505683:josep_llados	4	6
8706	80C0034C:kang_g_shin	4	5
12151	76D16B66:jun_murai	4	5
29597	7FDC6C9E:hee_yong_youn	4	5
37279	7D441510:jose_m_f_moura	4	5
46603	7603BF04:michael_r_fellows	4	5
10207	7FC5D5F1:madhav_v_marathe	4	5
44760	7D4C3759:venu_govindaraju	4	5
79076	7D6900EE:masanobu_shimada	4	5
113005	7F8D5987:unku_moon	4	5
293313	7DB33C02:weiming_shen	4	5
13598	7E82BE51:sarit_kraus	4	5
119422	82EE8F47:axel_jantsch	4	5
335784	7F0800C5:huaimin_wang	4	5
3686	7509C529:fumiyuki_adachi	4	5
106437	7B7FF7CD:mary_czerwinski	4	5
120495	03AADC48:iain_b_collings	4	5
145919	7CEBB974:jian_yang	4	5
37433	7CD07EA6:josiane_zerubia	4	4
22329	140F7A52:baba_c_vemuri	4	4
25104	216BB5FC:manuel_v_hermenegildo	4	4
76498	79A6456D:richard_g_baraniuk	4	4
205659	2810132A:stacy_marsella	4	4
105683	80735B1D:bruce_r_childers	4	4
45279	0F6CB05B:leandros_tassiulas	4	4
105093	24FFA165:gregory_d_abowd	4	4
375161	04A4B08F:tuncer_baykas	3	115
154729	7FB56097:junyi_wang	3	112
114430	7D7951CB:toru_takahashi	3	73
235279	08518640:vaclav_snasel	3	34
317250	8281DDAE:mark_e_giampapa	3	28
168065	7C2EEB6B:thomas_ertl	3	28
63286	7F7DF842:marc_cavazza	3	27
127029	80545B57:jianping_wang	3	23
124285	030B9AB7:joachim_hornegger	3	16
565848	7E589656:wanshan_wang	3	14
113820	61A5E4E9:r_n_g_naguib	3	13
362242	80CF9447:kiryong_kwon	3	11
293822	07AB9DDD:peter_jancovic	3	11
145548	09E47655:pascal_bouvry	3	11
138151	7D4C0E2F:michael_ernst	3	11
294372	7EF02288:mohammad_ghavami	3	11
62519	7D0E2AB8:keiichi_tokuda	3	10
44765	7EECEF6D:josef_kittler	3	10
1187	2A5EFA54:junichi_tsujii	3	10
147390	7B5DDF24:mark_billinghurst	3	9
54021	7EA8BF51:lang_tong	3	9
235254	81212FE4:ben_y_zhao	3	9
295998	7DC66AE8:ahmed_e_hassan	3	9
57945	7E63A4F8:jun_han	3	9
425947	7FC94B6B:zhenfu_cao	3	9
144969	7C7E3AF5:george_pavlou	3	8
25539	80EC2AF4:massimo_bergamasco	3	8
49728	803BBBED:enrique_vidal	3	8
31149	810F5D74:geoffrey_fox	3	8
89891	79850D33:thad_starner	3	8
94954	2725241D:mamoru_mitsuishi	3	8
16209	756D5165:andrei_broder	3	8
132719	03A0E551:michael_eineder	3	8
32474	0B8A6110:dmitry_b_goldgof	3	7
228121	7E630D45:ahmadreza_sadeghi	3	7
218061	7F08F36E:andrew_mccallum	3	7
39663	7DA3833A:l_van_gool	3	7
29452	802DBC43:theo_ungerer	3	7
398764	7E8D8BF7:zhong_chen	3	7
114895	7E084F04:lian_li	3	7
214167	02C02B45:mounia_lalmas	3	7
85440	7E1F78FF:jan_vitek	3	7
224347	7D6A4BFF:zhiguang_qin	3	7
3281	17EA61B4:guy_m_lohman	3	6
32500	762FDE24:edward_r_dougherty	3	6
240034	13BCADFE:alexander_gelbukh	3	6
126992	80FC1096:daeyoung_kim	3	6
87821	581DE95E:alessandro_cimatti	3	6
60659	7E256572:masakatsu_g_fujie	3	6
353143	7E709FFA:houkuan_huang	3	6
292426	8065894C:chunyan_miao	3	6
69244	0D288248:walid_g_aref	3	6
110387	27A3E7D2:thambipillai_srikanthan	3	6
121911	7FFBAC7B:yang_gao	3	6
98977	28C58049:andreas_stolcke	3	6
232101	13D377BC:kerstin_dautenhahn	3	6
205443	7B03C577:pascal_frossard	3	6
56080	7575972F:jon_crowcroft	3	6
322590	8004D22D:antonio_plaza	3	6
28154	012504BE:norbert_wehn	3	6
166312	7D62D15C:zhenjiang_hu	3	6
39847	8152BE31:shigeo_hirose	3	5
191022	807C4081:wenke_lee	3	5
18832	0C581DC5:ahmed_h_tewfik	3	5
28827	80F65ACF:chengwen_wu	3	5
59836	8006F20B:norman_c_beaulieu	3	5
156861	18F31469:vahid_tarokh	3	5
47602	7B46D9F2:katia_sycara	3	5
7453	1EF0234D:stefano_ceri	3	5
98857	75BA4172:nadia_magnenatthalmann	3	5
256002	7FE5FF3F:nikhil_bansal	3	5
69944	77E84EF1:touradj_ebrahimi	3	5
56268	7FEDFF67:andrew_r_teel	3	5
325545	08C66FF0:vahab_s_mirrokni	3	5
361984	7EDCCF65:j_d_morris	3	5
163362	7F95FA94:sunil_p_khatri	3	5
279488	7C9A1453:dilek_hakkanitur	3	5
123542	7D7FBFF4:stephen_l_scott	3	5
135369	7E6C7510:yong_hu	3	5
96808	0D1376E7:takao_onoye	3	4
93458	7F428815:stefano_giordano	3	4
186185	7F5D7F3A:masayuki_takeda	3	4
6566	7EED40C8:edmund_m_clarke	3	4
23030	23FDC2C0:wolfgang_rosenstiel	3	4
203234	78E08363:roberto_tagliaferri	3	4
48813	7D844C8D:chinteng_lin	3	4
37951	47CE7110:a_h_aghvami	3	4
308038	7E36970B:zhengding_lu	3	4
227718	8134DA6A:ebroul_izquierdo	3	4
94281	1112385B:marcel_worring	3	4
61891	7E095D8C:hiroyuki_morikawa	3	4
115196	76B89527:thomas_fahringer	3	4
270581	7E761D45:xiangxu_meng	3	4
205304	0818B91B:halim_yanikomeroglu	3	4
136381	7C7EE0D1:arvind_krishnamurthy	3	4
77668	7BF53B36:peter_j_stuckey	3	3
28656	81124D44:kim_guldstrand_larsen	3	3
56332	80029434:dongsoo_kwon	3	3
75038	11B70EF3:bhuvana_ramabhadran	3	3
204461	77D05541:ian_horrocks	3	3
76314	79976CB5:hayder_radha	3	3
34201	8373D78A:evangelos_kranakis	3	3
78329	7EE5D307:zhiwei_luo	3	3
38859	7A3AD138:gudrun_klinker	3	3
68666	7E5A6670:toru_ishida	3	3
118052	0E5AA1E4:cyrus_shahabi	3	3
204754	00986B65:daniel_cohenor	3	3
8682	7EE6247D:narendra_ahuja	3	3
45127	7EE1A2D1:kazuya_takeda	3	3
140047	0E2CDBF9:r_j_duro	3	3
291020	76FC6FA7:volker_jungnickel	3	3
230873	7A7A4C3D:dick_epema	3	3
153960	789561CB:nenad_medvidovic	3	3
306828	02651BEB:manfred_tscheligi	3	3
204841	83A66347:chinchen_chang	3	3
31650	85C78CD5:philip_heidelberger	2	25
275406	77DA82C4:elena_gaura	2	11
96895	7FAC1BEE:ji_ming	2	10
275025	8184E08A:markku_turunen	2	9
24093	05557826:shigeki_sagayama	2	7
142341	6D7450EF:francois_michaud	2	6
125982	773B8289:wilfried_philips	2	6
54179	0CC23438:paul_hasler	2	6
172849	7B940808:hamish_cunningham	2	6
168356	0CB59A09:enrique_s_quintanaorti	2	6
108281	7F60458E:robert_nowak	2	5
27373	7F409430:kenichi_matsumoto	2	5
28855	825AC2A3:makoto_sato	2	5
43291	7D7AF107:zongli_lin	2	5
196189	7889A908:john_w_lockwood	2	5
20582	6AC7E258:gerd_hirzinger	2	5
105032	79687BAB:joostpieter_katoen	2	5
197359	777E420F:rik_van_de_walle	2	5
169678	8131243F:joemon_m_jose	2	5
145816	7F2673AD:gonzalo_navarro	2	4
117871	7D8C4012:giuseppe_liotta	2	4
56202	80126371:jing_sun	2	4
30922	81666D32:yann_h_kerr	2	4
31678	808E0EDB:yuehmin_huang	2	4
71203	819C04EE:b_s_manjunath	2	4
115179	78141DEA:burkhard_stiller	2	4
202474	7C8186F5:panagiotis_demestichas	2	4
190270	1538F08E:christof_paar	2	4
6454	7D70A4A6:zainalabedin_navabi	2	4
7270	75251117:anton_nijholt	2	4
268110	8122BCC6:s_m_yiu	2	4
20592	71F2991C:yasushi_yagi	2	4
86718	1DA6112B:reda_alhajj	2	4
88281	7FCE206C:peter_jung	2	4
195673	755E66E0:shivkumar_kalyanaraman	2	3
21498	813D0A4D:insup_lee	2	3
51998	6DA6B8AA:giovanni_aloisio	2	3
312390	757E13D7:roger_wattenhofer	2	3
23419	7E30CEF7:brad_a_myers	2	3
40518	7A74F479:nazzareno_pierdicca	2	3
93856	81095639:makoto_yokoo	2	3
293235	3D61EDAD:saeid_nahavandi	2	3
198072	75A3F685:ioannis_kompatsiaris	2	3
115979	62434F13:hideyuki_tokuda	2	3
200785	7E09FBB9:yun_shao	2	3
85191	2AF39111:nikola_kasabov	2	3
49494	7FE97CC1:mark_s_nixon	2	3
144034	780749F3:stephane_ducasse	2	3
122863	7B8BB2E3:piero_castoldi	2	3
125576	784DCD4E:sofiene_affes	2	3
276650	84F52415:yinong_chen	2	3
78573	7892C407:gerardo_canfora	2	3
238283	784B907C:mario_piattini	2	3
197887	76EE55A1:jocelyn_chanussot	2	3
186582	7F85E843:bingyu_chen	2	3
296304	804CE85A:bobby_bhattacharjee	2	3
112004	76BA7A85:catherine_pelachaud	2	3
929	7DAA0288:kishor_s_trivedi	2	3
123299	76803559:peter_kacsuk	2	2
64644	7A1958AD:horst_bischof	2	2
82927	79FC7641:eduard_hovy	2	2
8113	2AE34A1B:sadaoki_furui	2	2
244793	84BA5FE1:a_j_frew	2	2
1941	29415F0C:reinhard_klette	2	2
16392	7BBFE33C:martin_vetterli	2	2
22216	77A95C07:andrea_fumagalli	2	2
22309	7AA98137:laurie_hendren	2	2
44488	808D1DF4:toby_walsh	2	2
95026	7EF2591A:iming_chen	2	2
89768	80F9FEEF:munsang_kim	2	2
76858	0050777E:vittorio_murino	2	2
24805	10DB6638:hitoshi_isahara	2	2
29354	0F86BA41:h_h_bulthoff	2	2
42214	0D6CCC2A:antonio_bicchi	2	2
279827	7A8F3DBE:patrick_mcdaniel	2	2
118821	80D793AE:brad_calder	2	2
98505	59294FED:jeanpierre_hubaux	2	2
93169	7A2EAB81:kin_k_leung	2	2
17348	77007327:michael_unser	2	2
86680	760F4416:alessandro_astolfi	2	2
100151	7D43184A:chinchen_chang	2	2
203344	7B5A6FDA:george_bebis	2	2
353370	7DDBDD26:ji_gao	2	2
16941	80AC4A04:jaling_wu	2	2
25374	72637ABE:gerd_hirzinger	2	2
76534	7D92CA7E:oscar_c_au	2	2
129388	79B12DAD:howie_choset	2	2
214001	14BAE59C:michael_beetz	2	2
23888	8215A3BD:ryuji_kohno	2	2
182965	06014DDF:christian_goerick	2	2
32505	7DD9A551:andrew_f_laine	2	2
135845	7E5DD14F:george_r_thoma	2	2
73634	14334A78:stefano_tubaro	2	2
181514	82732D19:paulo_maciel	2	2
118054	7931F4AB:brian_tierney	1	9
87714	7A9E1AA5:lakmal_d_seneviratne	1	9
393596	7DF97986:andre_c_p_l_f_de_carvalho	1	9
490722	7C6A4281:indranil_bose	1	9
20066	7F55F728:sridha_sridharan	1	5
213074	7AA4F9BC:andreas_rauber	1	5
127720	7D05C306:mengjie_zhang	1	4
222302	7777046B:minoru_uehara	1	4
33242	7EBA0680:j_p_teixeira	1	3
32930	7DE5375E:jae_wook_jeon	1	3
258498	856138F7:ralf_steinmetz	1	3
39321	7CFBCCFB:paul_suetens	1	3
296476	7D13A3A1:p_d_thompson	1	3
351650	8595A5A9:g_li	1	3
490078	7EF50EE8:t_zimmermann	1	3
41584	7F870118:jaakko_astola	1	2
66022	7E0696A9:helge_ritter	1	2
49813	7EB5CF11:daesik_hong	1	2
67927	7EA7814D:sungbae_cho	1	2
56148	28F8A412:satoru_miyano	1	2
29390	790E41EA:panos_k_chrysanthis	1	2
94348	7E9BFFBB:ashfaq_khokhar	1	2
33914	293229BD:michel_verleysen	1	2
71299	7EA76882:manfred_reichert	1	2
8921	7ED12A0B:yiping_hung	1	2
19041	806D07AD:lichen_fu	1	2
32376	07BBD596:gunter_saake	1	2
94756	7627EBD8:petia_radeva	1	2
237105	13865A4D:ivica_crnkovic	1	2
355124	7FDA11E0:thomas_nolte	1	2
3599	11E96AA2:guy_pujolle	1	2
21625	80148880:ouri_wolfson	1	2
74757	7591410D:yiannos_manoli	1	2
112383	7E489BAC:didier_belot	1	2
51634	7DE5FFCF:byungju_yi	1	1
74300	7D85BC80:wan_kyun_chung	1	1
218593	7B72CD64:yohsuke_kinouchi	1	1
70572	82198133:nikolaos_papanikolopoulos	1	1
164703	800DFEB0:chongsun_hwang	1	1
62101	718D2735:theodore_w_berger	1	1
186198	7B811889:antonio_f_gomezskarmeta	1	1
227426	28D4D015:holger_boche	1	1
32025	7D7D817D:tsutian_lee	1	1
39950	813607F4:hugh_durrantwhyte	1	1
56761	7E0D6ACD:c_j_taylor	1	1
108991	7CF47A8C:koso_murakami	1	1
127892	0F2A4D7B:yucel_altunbasak	1	1
181009	7AC7D914:alan_chalmers	1	1
19562	80F3B0B0:wenlian_hsu	1	1
50323	10EDD877:romano_fantacci	1	1
66100	803F1AA9:kien_a_hua	1	1
5581	7DF5D9A2:m_n_s_swamy	1	1
189779	07ABC9CC:lisandro_zambenedetti_granville	1	1
379304	809445E7:paolo_rosso	1	1
58612	7CF1CBD7:hiroshi_ishii	1	1
89563	7ECD790F:dongho_won	1	1
103585	119654C5:amin_vahdat	1	1
281691	7391EF58:luca_fanucci	1	1
78926	03AEF95D:otmar_loffeld	1	1
150525	80B8E91F:kin_keung_lai	1	1
365913	4532608A:a_linaresbarranco	1	1
125476	8046E9C4:carolyn_penstein_rose	1	1
206644	7DE75A36:lining_sun	1	1
291031	813EF29B:suguru_kameda	1	1
151376	0110415B:ioannis_a_kakadiaris	1	1
36872	7CFBFAD3:emilio_l_zapata	1	1
17238	2376A65F:kurt_rothermel	1	1
96991	7DA876DA:dirk_timmermann	1	1
95487	7DEA914F:shinsuke_hara	1	1
155087	0FFAEFF1:william_c_regli	1	1
20553	774CF9B0:yoshinori_kuno	1	1
25335	7640CEAD:yoshifumi_kitamura	1	1
30180	7FD1DB83:john_m_carroll	1	1
92201	7F7DD70A:jiunin_guo	1	1
99049	7E2E520E:jeff_bilmes	1	1
115210	7C2D8AAE:saman_amarasinghe	1	1
185562	7D5FBBFA:james_noble	1	1
393396	7566CB42:dragan_gasevic	1	1
12060	0EF8EB63:matthias_jarke	1	1
141161	17F37D50:maarten_de_rijke	1	1
93895	2B635B39:tarek_elghazawi	1	1
21031	7D66B41A:takafumi_aoki	1	1
115558	81371ED1:torsten_schaub	1	1
135364	78A706C5:konstantinos_n_plataniotis	1	1
52958	793C843A:boi_faltings	1	1
327360	7CAFC8D7:lukas_burget	1	1
388715	76392D7F:jan_mendling	1	1
