198	based	10	21084
627	networks	10	10838
2	systems	10	7005
261	data	10	6995
22	analysis	10	6406
624	multi	10	5828
9492	wireless	10	5779
18	model	10	5364
131	network	10	5238
145	algorithm	10	5126
363	time	10	5023
25	control	10	4760
99	design	10	4601
790	sensor	10	4367
92	performance	10	4195
622	image	10	4157
1180	efficient	10	4133
29	detection	10	4027
1874	video	10	3956
117	approach	10	3845
8936	web	10	3811
35	adaptive	10	3365
391	mobile	10	3312
288	power	10	3265
228	dynamic	10	3243
166	learning	10	3217
51	distributed	10	3200
480	information	10	3027
36	method	10	2998
280	management	10	2679
282	high	10	2568
128	recognition	10	2557
55	optimization	10	2528
349	applications	10	2484
30	estimation	10	2445
576	multiple	10	2422
420	service	10	2368
555	application	10	2299
436	modeling	10	2287
13	scheme	10	2263
722	robot	10	2251
129	routing	10	2247
2052	framework	10	2239
408	study	10	2162
1564	real	10	2111
1295	energy	10	2111
427	scheduling	10	2099
140	new	10	2092
854	architecture	10	2073
200	evaluation	10	2022
58	classification	10	2017
2169	novel	10	2010
15744	mining	10	1998
2749	coding	10	1982
210	low	10	1928
25393	aware	10	1907
680	retrieval	10	1886
113	search	10	1877
835	channel	10	1832
175	selection	10	1798
106	large	10	1796
3177	hoc	10	1794
23379	peer	10	1757
1003	robust	10	1754
4817	grid	10	1749
1338	motion	10	1707
572	space	10	1703
592	automatic	10	1685
595	level	10	1673
81	clustering	10	1634
757	semantic	10	1610
2215	protocol	10	1603
965	tracking	10	1578
718	access	10	1566
374	computing	10	1552
362	models	10	1548
1055	fast	10	1542
3043	services	10	1534
1587	software	10	1515
103	processing	10	1512
67	simulation	10	1473
940	images	10	1472
2312	neural	10	1472
49	optimal	10	1456
256	algorithms	10	1450
380	scale	10	1447
26	human	10	1445
310	parallel	10	1442
502	generation	10	1437
417	communication	10	1423
2006	hybrid	10	1419
749	support	10	1392
1534	rate	10	1380
964	embedded	10	1376
486	feature	10	1376
1457	object	10	1354
880	research	10	1343
5044	scalable	10	1327
611	allocation	10	1304
2710	segmentation	10	1303
1889	query	10	1298
370	proceedings	10	1294
399	test	10	1293
190	user	10	1289
413	delay	10	1276
450	environment	10	1275
2802	fuzzy	10	1274
1178	implementation	10	1271
89	memory	10	1239
66	digital	10	1229
424	resource	10	1219
5192	mimo	10	1215
1606	virtual	10	1211
737	visual	10	1208
1278	driven	10	1189
841	chip	10	1187
50	linear	10	1164
703	international	10	1150
574	prediction	10	1143
407	traffic	10	1136
1411	non	10	1124
487	extraction	10	1119
514	frequency	10	1117
59	error	10	1107
7163	multimedia	10	1105
1860	channels	10	1104
1720	cooperative	10	1101
5088	face	10	1094
1029	fault	10	1085
3790	content	10	1045
1049	heterogeneous	10	1039
95	improved	10	1038
423	process	10	1038
548	self	10	1029
705	conference	10	1022
16943	qos	10	1021
824	domain	10	1020
952	quality	10	1020
127	pattern	10	1015
5098	agent	10	1012
509	feedback	10	1008
392	radio	10	1008
569	spatial	10	1004
606	speech	10	997
115	environments	10	996
10072	ofdm	10	986
191	oriented	10	983
144	matching	10	976
2376	security	10	970
263	structure	10	968
1704	hierarchical	10	960
455	programming	10	957
38809	xml	10	956
5779	genetic	10	940
872	tree	10	932
1337	local	10	931
1786	reduction	10	925
114	techniques	10	919
1789	path	10	895
678	text	10	889
28	joint	10	885
1940	sensing	10	885
2350	transmission	10	884
17168	streaming	10	880
281	integrated	10	880
2530	monitoring	10	875
634	development	10	871
126	vector	10	870
312	graph	10	869
625	synthesis	10	853
3599	reconfigurable	10	852
22109	humanoid	10	850
769	robots	10	847
1082	context	10	846
1332	temporal	10	843
2253	knowledge	10	838
6183	cdma	10	823
3193	layer	10	822
351	statistical	10	820
623	interactive	10	816
1384	improving	10	814
1426	queries	10	811
5157	internet	10	804
690	features	10	801
5040	online	10	798
1235	case	10	796
853	hardware	10	792
409	planning	10	791
1536	source	10	789
778	active	10	779
65	identification	10	775
1369	integration	10	768
50909	p2p	10	768
540	patterns	10	765
1441	mechanism	10	765
42	nonlinear	10	754
6645	collaborative	10	753
60	decision	10	753
194	machine	10	750
1147	block	10	746
1158	single	10	746
1429	effective	10	745
4182	platform	10	745
504	shape	10	736
3591	secure	10	729
264	mapping	10	725
2422	database	10	721
1509	distribution	10	719
164	dimensional	10	716
183	flow	10	716
971	optical	10	714
1270	packet	10	713
561	technique	10	711
3510	social	10	711
848	cmos	10	706
1129	capacity	10	706
187	logic	10	704
11093	802	10	704
138	random	10	699
1364	localization	10	699
3057	multicast	10	697
4173	similarity	10	696
585	constraints	10	694
3530	link	10	689
6783	wavelet	10	689
863	set	10	688
188	interaction	10	688
3995	discovery	10	687
1535	mesh	10	685
1597	architectures	10	685
311	processor	10	673
352	class	10	673
34	noise	10	671
1552	interference	10	671
1336	global	10	670
4833	ieee	10	669
297	state	10	667
270	objects	10	666
721	intelligent	10	658
570	location	10	656
4940	registration	10	656
1771	end	10	654
360	sharing	10	654
5655	ontology	10	653
43	filtering	10	651
2985	probabilistic	10	650
2845	key	10	649
482	methods	10	645
1562	cellular	10	645
948	strategy	10	643
1527	technology	10	641
90	testing	10	639
3722	databases	10	634
560	constrained	10	634
1204	codes	10	632
186	problem	10	630
1899	code	10	629
1113	cost	10	628
189	group	10	627
1014	fusion	10	625
579	comparison	10	620
1812	placement	10	620
1968	event	10	619
231	circuits	10	617
1302	task	10	614
73	signal	10	608
885	fading	10	606
265	language	10	605
1272	interface	10	603
786	surface	10	600
3661	cross	10	599
1485	impact	10	598
475	semi	10	597
1483	resolution	10	596
366	line	10	593
1516	combining	10	583
2365	view	10	581
2338	spectrum	10	578
1130	relay	10	574
2165	mode	10	573
16717	fpga	10	571
435	dual	10	571
498	measurement	10	569
446	automated	10	568
513	load	10	567
938	compression	10	567
3496	kernel	10	564
398	field	10	561
397	area	10	560
368	complexity	10	554
736	cluster	10	554
5635	throughput	10	550
717	workshop	10	549
551	adaptation	10	549
571	function	10	549
332	speed	10	548
4257	soft	10	547
956	order	10	546
303	cell	10	544
284	filter	10	544
2322	component	10	543
538	diagnosis	10	541
267	complex	10	539
1558	tolerant	10	537
1161	voltage	10	536
1452	verification	10	533
2850	enhanced	10	529
4552	cache	10	528
882	diversity	10	528
3935	annotation	10	528
1083	free	10	527
746	range	10	524
3569	privacy	10	523
262	storage	10	522
158	iterative	10	520
2292	transform	10	517
7057	streams	10	517
679	document	10	514
903	point	10	512
2848	reconstruction	10	511
1422	broadcast	10	510
1609	supporting	10	507
1774	core	10	506
147	behavior	10	506
1428	construction	10	505
2341	stream	10	505
2307	flexible	10	501
2747	distance	10	495
4756	hop	10	493
163	continuous	10	493
458	training	10	491
451	computation	10	491
4994	exploiting	10	489
2733	coded	10	489
12001	brain	10	489
1060	schemes	10	489
3583	evolutionary	10	489
929	remote	10	488
4296	particle	10	488
9284	trust	10	485
1937	bandwidth	10	484
243	representation	10	481
1548	methodology	10	479
2461	assisted	10	479
630	phase	10	479
997	chinese	10	476
85	tool	10	475
5130	antenna	10	473
2018	protocols	10	467
991	detecting	10	466
1046	media	10	466
566	supervised	10	465
2617	correlation	10	464
4861	indexing	10	461
254	theory	10	459
295	circuit	10	459
547	stability	10	458
322	bit	10	458
2146	business	10	457
8621	agents	10	457
497	strategies	10	456
2695	bayesian	10	454
130	communications	10	454
2824	multiuser	10	453
6941	china	10	452
1549	markov	10	451
2508	evolution	10	450
1263	reliability	10	449
11730	overlay	10	448
5120	ranking	10	448
728	vision	10	447
62	discrete	10	447
5430	leakage	10	446
1446	region	10	445
631	experimental	10	444
582	matrix	10	444
3784	audio	10	441
1131	devices	10	441
112	results	10	439
1559	processors	10	437
7225	workflow	10	436
677	building	10	435
1051	topology	10	435
2078	activity	10	434
1760	assessment	10	430
1557	exploration	10	430
658	graphs	10	428
331	blind	10	428
7989	tcp	10	428
6443	authentication	10	423
2562	reliable	10	422
315	effects	10	422
815	scan	10	421
1155	color	10	419
1997	sequence	10	416
1801	timing	10	415
1114	concept	10	413
708	physical	10	412
809	camera	10	412
63	stochastic	10	411
780	effect	10	411
856	protection	10	411
1	problems	10	409
124	variable	10	409
4376	optimizing	10	408
248	efficiency	10	407
6994	mobility	10	407
766	functional	10	406
8974	mac	10	406
287	band	10	405
77	game	10	404
454	differential	10	403
1809	engineering	10	402
2174	sub	10	402
1212	decoding	10	401
9770	attacks	10	401
47	switching	10	400
31	gaussian	10	398
2358	series	10	398
21620	ubiquitous	10	398
518	input	10	396
1367	assignment	10	394
116	generalized	10	393
108	array	10	393
1729	constraint	10	393
3220	modulation	10	393
2110	moving	10	392
2526	incremental	10	391
238	structured	10	390
762	rules	10	389
2561	texture	10	388
3039	coverage	10	388
3442	integrating	10	388
6809	body	10	388
1985	specific	10	387
539	medical	10	386
674	description	10	385
2528	engine	10	384
393	propagation	10	383
1181	execution	10	381
563	minimum	10	381
535	mixed	10	381
3854	regression	10	381
727	use	10	380
654	composition	10	380
803	size	10	380
1016	enhancement	10	378
2621	accurate	10	377
82	maximum	10	374
2304	weighted	10	374
7636	downlink	10	374
1612	practical	10	372
3701	autonomous	10	372
30141	middleware	10	372
2206	evaluating	10	370
101	solution	10	370
44	uncertain	10	370
1009	aided	10	368
180	spectral	10	368
3340	reducing	10	368
2359	walking	10	366
1727	sparse	10	364
3350	association	10	364
1598	independent	10	363
2600	sampling	10	363
7257	smart	10	362
3260	preserving	10	361
3055	congestion	10	361
1342	sequences	10	357
987	open	10	357
1405	finding	10	357
2158	thermal	10	357
1028	vehicle	10	356
4129	navigation	10	356
3345	partial	10	356
372	acm	10	355
2929	metric	10	354
244	sequential	10	352
580	computational	10	351
1070	synchronization	10	350
1533	clock	10	349
2943	inter	10	349
519	output	10	346
2411	expression	10	346
364	shared	10	345
831	receiver	10	345
477	controller	10	344
1365	simultaneous	10	344
1783	improvement	10	343
15965	svm	10	343
1503	directional	10	343
7255	optimized	10	343
1040	recovery	10	341
227	static	10	340
1179	instruction	10	340
943	policy	10	340
4223	robotic	10	339
71	rule	10	339
707	forward	10	338
2337	node	10	337
1799	map	10	336
984	dynamics	10	336
1529	sensors	10	336
32	signals	10	335
1000	modelling	10	334
494	target	10	333
804	imaging	10	332
958	approximation	10	332
52	parameter	10	332
4398	sar	10	332
1517	characterization	10	330
32235	watermarking	10	330
527	loop	10	330
2101	varying	10	330
802	small	10	329
1632	sets	10	326
771	edge	10	326
7635	uplink	10	325
1392	temperature	10	325
2356	balancing	10	324
783	type	10	324
4771	calibration	10	324
4954	documents	10	323
2846	frame	10	323
273	relational	10	322
767	reasoning	10	322
821	switched	10	322
2266	world	10	320
6766	beamforming	10	317
481	structures	10	317
620	partitioning	10	316
5369	considering	10	315
6650	visualization	10	314
5151	networked	10	314
5372	alignment	10	313
1194	understanding	10	313
1610	simple	10	310
2744	like	10	310
2768	distortion	10	310
4146	exploring	10	309
470	presence	10	309
1859	carrier	10	309
2553	validation	10	308
4499	scaling	10	308
240	extended	10	308
1696	advanced	10	308
260	general	10	307
2148	different	10	306
2884	improve	10	306
4142	selective	10	306
525	near	10	306
64	approximate	10	304
441	index	10	304
222	tasks	10	303
2221	facial	10	303
1266	unified	10	303
5342	relevance	10	301
2447	server	10	300
645	transfer	10	300
1868	protein	10	300
173	density	10	299
506	functions	10	299
1811	force	10	299
2061	objective	10	299
613	trees	10	298
1132	analog	10	298
565	dependent	10	297
5468	caching	10	296
4188	aggregation	10	296
32126	frequent	10	296
8078	topic	10	295
696	file	10	295
28051	uwb	10	294
3156	wide	10	293
1362	classifier	10	293
9289	intrusion	10	293
11789	multimodal	10	292
2138	clusters	10	292
521	decomposition	10	291
751	hand	10	291
612	binary	10	290
111	properties	10	288
2444	buffer	10	287
347	device	10	287
2153	passive	10	286
6235	challenges	10	285
3855	subspace	10	285
954	minimization	10	284
2587	unsupervised	10	284
1734	surveillance	10	283
165	threshold	10	283
4588	personal	10	283
245	machines	10	283
344	sensitive	10	282
1062	faults	10	282
6958	cooperation	10	282
2844	enhancing	10	281
2241	scientific	10	281
2762	speaker	10	279
1420	inference	10	279
9115	turbo	10	279
57	variation	10	279
2063	infrastructure	10	278
1572	satellite	10	278
1550	chain	10	278
3208	technologies	10	278
14151	news	10	277
11754	deployment	10	277
1581	micro	10	277
510	compensation	10	276
12	structural	10	275
88	finite	10	275
42471	pervasive	10	275
150	parameters	10	274
3021	community	10	274
1917	sources	10	274
2009	value	10	273
4775	signature	10	271
1459	response	10	271
1604	limited	10	271
42086	soc	10	271
729	manipulation	10	271
4730	users	10	271
1551	analyzing	10	270
937	consumption	10	269
1605	resources	10	269
2466	fine	10	267
3101	empirical	10	267
3380	stereo	10	267
1788	interfaces	10	267
1108	translation	10	266
2222	music	10	266
5562	layered	10	265
335	stage	10	264
174	measure	10	263
3347	hidden	10	263
981	processes	10	262
9475	transmit	10	262
219	combined	10	262
2236	personalized	10	262
999	transformation	10	262
1543	product	10	261
11983	mri	10	261
2676	geometric	10	260
463	trajectory	10	259
390	characteristics	10	258
1261	message	10	257
1744	supply	10	257
21991	mpeg	10	257
1700	equalization	10	255
2881	action	10	255
1876	eeg	10	255
2603	long	10	254
4584	delivery	10	254
4955	perspective	10	253
966	measurements	10	253
1656	risk	10	252
4956	rendering	10	252
1576	designs	10	251
2123	coordination	10	251
7841	reality	10	251
3956	vlsi	10	251
16	artificial	10	251
1116	light	10	251
2262	scene	10	251
1267	designing	10	250
11158	tensor	10	250
1095	semantics	10	250
505	probability	10	249
1412	change	10	248
8556	enabling	10	248
805	reduced	10	247
699	current	10	247
1755	demand	10	244
1289	unit	10	243
1282	direct	10	243
2682	searching	10	243
1438	intelligence	10	243
531	games	10	242
1052	asynchronous	10	240
19186	fpgas	10	240
562	detector	10	239
3823	entropy	10	239
5328	categorization	10	239
19997	videos	10	238
442	invariant	10	238
3388	guided	10	238
675	formal	10	238
15060	wdm	10	237
2941	managing	10	237
6902	interconnect	10	237
743	orthogonal	10	237
1206	correction	10	237
61	making	10	237
1008	decentralized	10	236
2298	ultra	10	235
118	solving	10	234
3741	usa	10	233
1196	correlated	10	233
2263	acquisition	10	232
237	programs	10	232
1030	checking	10	232
2025	predictive	10	232
5116	connectivity	10	232
2335	tolerance	10	231
1627	word	10	231
850	comparative	10	231
14150	enabled	10	231
1359	theoretic	10	230
276	maintenance	10	230
1205	double	10	230
7872	summarization	10	229
358	display	10	228
1264	issues	10	227
136	fixed	10	227
5410	latency	10	227
9042	collaboration	10	227
3165	attack	10	227
2377	separation	10	227
3568	neighbor	10	226
137	configuration	10	226
355	compact	10	225
13614	centric	10	225
3009	depth	10	224
3922	library	10	224
1565	fully	10	224
6418	encryption	10	224
1377	water	10	223
201	program	10	223
4936	multipath	10	222
3884	discriminant	10	222
1959	approaches	10	222
2000	handling	10	222
6822	discriminative	10	222
2766	extracting	10	221
591	errors	10	221
2494	estimating	10	220
1331	spatio	10	220
6488	nodes	10	220
1434	volume	10	220
3962	links	10	219
1413	controlled	10	219
8300	live	10	219
1791	programmable	10	218
2855	analytical	10	218
910	nearest	10	217
2098	admission	10	217
5924	grids	10	217
6712	fair	10	216
3910	maps	10	216
3262	encoding	10	216
100	reference	10	216
607	multiprocessor	10	216
714	requirements	10	215
161	operating	10	214
2120	cancellation	10	214
11479	platforms	10	213
2421	collision	10	212
2700	wearable	10	212
9491	indoor	10	212
2946	dynamically	10	212
199	layout	10	211
9359	mixture	10	211
1036	role	10	211
13096	soil	10	211
125	length	10	211
934	number	10	210
3392	term	10	210
403	operation	10	210
3632	generic	10	210
1879	way	10	210
543	urban	10	210
546	transport	10	209
2096	diffusion	10	209
8335	capture	10	209
18366	boosting	10	208
3578	querying	10	208
686	project	10	208
4389	people	10	208
1186	early	10	208
3250	head	10	208
3757	views	10	208
56	second	10	207
5128	compressed	10	207
814	gate	10	207
9893	rough	10	206
3917	standard	10	206
32066	wlan	10	205
1233	short	10	204
134	directed	10	204
1069	consistency	10	204
26214	ontologies	10	204
3732	highly	10	203
5250	biped	10	203
8315	intra	10	203
3670	route	10	203
1468	modal	10	202
1056	modular	10	201
2715	voice	10	201
1393	log	10	201
3038	antennas	10	200
153	applying	10	200
3448	future	10	200
469	filters	10	200
642	natural	10	199
9219	libraries	10	199
1081	generating	10	199
176	applied	10	198
2373	pre	10	198
2495	boundary	10	198
3204	combination	10	198
2951	profile	10	198
8075	classifiers	10	197
3309	home	10	197
359	decoder	10	196
3105	gradient	10	196
3549	embedding	10	195
15923	scalability	10	195
5327	browsing	10	194
4819	deep	10	194
1608	utility	10	194
556	modified	10	193
2761	fields	10	193
7	synchronous	10	192
962	uncertainty	10	192
2939	tuning	10	192
1695	compiler	10	192
819	wave	10	192
6871	metadata	10	192
18907	java	10	191
15297	haptic	10	191
383	science	10	190
896	mechanisms	10	189
11768	provisioning	10	189
1930	cardiac	10	189
1640	parametric	10	188
1287	measuring	10	188
10377	sports	10	188
694	quantitative	10	188
2539	projection	10	188
864	locality	10	187
5428	deformation	10	187
3635	statistics	10	186
10593	hmm	10	186
2443	run	10	186
2944	architectural	10	186
4433	refinement	10	186
1893	conversion	10	185
182	heuristic	10	185
2347	tools	10	185
1672	experiments	10	185
419	reconfiguration	10	185
1157	generator	10	184
8632	discovering	10	184
541	loss	10	184
1602	page	10	184
2434	points	10	184
1098	graphics	10	184
9630	enterprise	10	184
2876	resilient	10	183
3664	pose	10	183
11853	latent	10	183
2872	fairness	10	182
1444	answering	10	182
274	base	10	182
1400	accuracy	10	182
839	magnetic	10	182
2860	concurrent	10	180
12063	cortical	10	180
141	ratio	10	180
3245	position	10	180
3881	interpolation	10	180
20828	inspired	10	180
2108	identifying	10	179
4362	background	10	178
5078	label	10	178
2014	bus	10	178
2259	influence	10	178
1174	components	10	178
3930	intensive	10	178
2936	sound	10	178
1150	studies	10	178
2683	step	10	178
4978	lifetime	10	177
133	bounds	10	176
6507	sliding	10	176
13139	polarimetric	10	175
673	events	10	175
478	composite	10	174
373	symposium	10	174
1636	common	10	174
1018	transition	10	174
3531	ground	10	173
4437	metrics	10	173
921	connected	10	173
1305	related	10	173
16126	forwarding	10	173
8295	identity	10	173
2697	attention	10	172
258	preliminary	10	172
932	conditions	10	172
1951	factorization	10	172
1311	public	10	172
5097	avoidance	10	171
9626	grained	10	171
326	broadband	10	170
2135	spaces	10	170
1044	solutions	10	170
2315	character	10	170
96	convergence	10	170
12583	appearance	10	170
3608	post	10	169
4764	variations	10	169
4438	replication	10	169
4719	deformable	10	169
24711	commerce	10	168
1450	acoustic	10	168
3471	pipelined	10	168
507	delays	10	167
2679	mutual	10	167
91	achieving	10	167
6716	networking	10	166
2446	experience	10	166
653	extension	10	166
1126	wideband	10	166
758	net	10	166
2046	immune	10	166
14367	ica	10	166
638	formation	10	165
2532	noisy	10	165
2649	coupling	10	165
852	policies	10	164
4123	symbol	10	164
523	unknown	10	164
4931	update	10	164
291	arrays	10	164
3794	weight	10	163
8822	transactional	10	163
4342	constructing	10	163
7913	instance	10	163
2551	exchange	10	162
4222	predicting	10	162
753	illumination	10	161
5414	dsp	10	161
6408	reuse	10	161
421	experiment	10	161
12568	fingerprint	10	160
3439	cycle	10	160
3924	scenes	10	160
3353	surfaces	10	160
3610	gait	10	160
3588	availability	10	160
2016	investigation	10	159
7274	mmse	10	159
27103	proxy	10	159
615	simulator	10	159
3576	best	10	159
3094	rank	10	159
2015	hierarchy	10	159
3121	relationship	10	159
1653	variability	10	158
1854	trade	10	158
846	electronic	10	158
18575	emotion	10	158
4137	systematic	10	157
9171	floorplanning	10	157
2317	advances	10	157
402	land	10	157
6845	multihop	10	157
1600	mean	10	157
6915	signatures	10	156
7725	handwritten	10	156
9411	snow	10	156
3001	super	10	156
4996	join	10	155
1736	form	10	155
1105	locomotion	10	155
1273	multiplexing	10	155
990	rapid	10	154
443	numerical	10	154
6145	broadcasting	10	154
1556	petri	10	154
4065	offset	10	154
464	sensitivity	10	154
1099	biological	10	154
660	universal	10	153
2388	attribute	10	153
376	bounded	10	153
2542	job	10	153
1213	redundant	10	152
545	convex	10	152
1820	augmented	10	152
241	abstract	10	152
3102	induced	10	152
2149	evolving	10	152
1200	negative	10	152
15832	negotiation	10	152
10776	lightweight	10	152
2064	relation	10	151
5576	rigid	10	151
2008	simulations	10	151
900	means	10	151
1350	localized	10	151
3182	developing	10	151
336	shift	10	151
1279	element	10	151
2073	coordinated	10	151
16055	dissemination	10	150
24	gain	10	150
1035	paths	10	150
143	template	10	149
2049	geometry	10	149
2730	inverse	10	149
905	zero	10	149
832	address	10	149
2592	surgery	10	148
5525	efficiently	10	148
1998	experiences	10	148
1836	parallelism	10	148
5484	multiprocessors	10	148
367	recursive	10	147
1625	integer	10	147
6170	overhead	10	147
1777	average	10	146
3031	realistic	10	146
884	rayleigh	10	146
4238	conditional	10	146
1115	ghz	10	145
12020	ultrasound	10	145
42104	wcdma	10	145
2145	hiding	10	145
6868	progressive	10	145
3548	incorporating	10	144
4841	june	10	144
3048	manufacturing	10	143
8601	awareness	10	143
3329	labeling	10	143
1761	dynamical	10	143
3517	critical	10	143
5612	yield	10	143
1296	changes	10	143
1837	hard	10	143
3940	medium	10	142
2089	arm	10	142
851	disk	10	142
275	organization	10	141
663	arbitrary	10	141
651	priority	10	141
2586	quasi	10	141
214	production	10	141
791	biomedical	10	141
3089	robustness	10	141
1253	radar	10	141
1746	market	10	140
3843	providing	10	140
2819	quantization	10	140
8383	crosstalk	10	140
499	survey	10	140
4224	manipulator	10	140
549	organizing	10	140
11621	soccer	10	139
86	life	10	139
104	partially	10	139
1168	cells	10	139
185	minimizing	10	139
292	coupled	10	139
2725	contour	10	138
4555	servers	10	138
18780	datasets	10	138
4880	maximization	10	138
855	implementing	10	137
27	motor	10	137
1592	tests	10	137
2212	table	10	137
2781	spoken	10	136
605	overview	10	136
1767	environmental	10	136
271	schema	10	136
7196	moisture	10	136
7727	defect	10	135
4553	flows	10	135
3277	delta	10	135
8169	forest	10	135
6222	switches	10	134
3207	potential	10	134
650	regions	10	134
2040	implicit	10	134
1671	stable	10	134
2757	comprehensive	10	134
9527	handoff	10	134
406	air	10	134
5905	agreement	10	134
1072	operations	10	133
881	switch	10	133
2288	basis	10	133
386	education	10	133
3342	total	10	133
26741	workflows	10	133
9836	caches	10	133
1963	tracing	10	132
1280	specification	10	132
11948	spreading	10	132
1886	migration	10	132
3145	ring	10	132
23799	wlans	10	132
2257	industrial	10	131
597	periodic	10	131
8406	coarse	10	131
942	criterion	10	130
3357	irregular	10	130
2404	measures	10	130
3960	fiber	10	130
894	failures	10	129
2207	dense	10	129
2445	simulated	10	129
1599	reduce	10	128
2859	extending	10	128
4427	transaction	10	128
83	likelihood	10	128
1947	laser	10	128
4248	infrared	10	128
1061	uniform	10	128
48853	manets	10	127
135	receivers	10	127
3280	perceptual	10	127
148	optimum	10	127
1796	router	10	127
4914	trellis	10	127
1769	pulse	10	127
3508	insertion	10	127
3622	actuator	10	127
1751	criteria	10	127
3712	pseudo	10	127
44755	microarray	10	127
4782	principal	10	127
1699	movement	10	126
4082	sizing	10	126
1012	conceptual	10	125
154	concepts	10	125
28166	mpi	10	125
10602	gabor	10	125
876	string	10	125
2191	cyclic	10	125
1002	restoration	10	125
54	transformations	10	124
40	sum	10	124
754	relations	10	124
10401	bist	10	124
3018	degree	10	124
15805	hyperspectral	10	124
387	complete	10	124
45151	bluetooth	10	123
2045	plane	10	123
955	minimal	10	123
74	special	10	123
870	languages	10	123
5500	partition	10	123
1926	microprocessor	10	122
1971	planar	10	122
725	perception	10	122
232	deterministic	10	122
2239	dependency	10	122
3348	removal	10	122
2863	atlas	10	121
4630	prototype	10	121
1455	example	10	121
664	polynomial	10	121
4172	histogram	10	121
490	eye	10	121
23527	pca	10	121
8144	reverse	10	120
17	heart	10	120
93	bound	10	120
6221	site	10	120
3428	photo	10	119
1097	symbolic	10	119
2272	automatically	10	119
6867	surgical	10	119
2915	balanced	10	119
4010	anomaly	10	119
1779	guaranteed	10	118
3604	acceleration	10	118
6614	regularization	10	118
3100	pilot	10	117
17043	communities	10	117
3450	memories	10	117
3026	paradigm	10	117
6609	prior	10	117
3520	hash	10	117
20031	routers	10	116
8423	pixel	10	116
1905	sample	10	116
2223	animation	10	116
337	register	10	116
2178	constant	10	116
289	module	10	116
40311	openmp	10	116
1298	versus	10	116
7220	scenario	10	116
41527	palmprint	10	116
5810	road	10	116
3980	clustered	10	115
3532	spread	10	115
33	white	10	115
10037	accelerating	10	115
3475	queue	10	114
697	determination	10	114
2229	configurable	10	114
501	quadratic	10	114
1622	neighborhood	10	114
1505	precision	10	114
4950	aspect	10	114
10503	shot	10	114
1669	individual	10	114
1728	symmetric	10	114
5657	profiling	10	113
7785	burst	10	113
1074	expressions	10	113
2432	mass	10	113
2401	interval	10	113
1443	question	10	113
298	microwave	10	113
1071	nets	10	113
1244	gap	10	112
3863	center	10	112
1617	meta	10	112
10188	dna	10	112
3765	sigma	10	112
1135	lines	10	112
912	multidimensional	10	111
2979	presentation	10	111
266	multilevel	10	111
928	aspects	10	111
1149	floating	10	111
6776	direction	10	111
2517	redundancy	10	110
12037	bio	10	110
7863	cores	10	110
4216	parameterized	10	110
508	exact	10	109
1508	graphical	10	109
467	attributes	10	109
36693	uml	10	109
7593	multicarrier	10	109
19865	emotional	10	109
1938	capability	10	109
5240	engines	10	109
1300	property	10	109
1033	electrical	10	109
734	nonparametric	10	108
3932	aggregate	10	108
858	principles	10	108
2441	dialogue	10	108
4799	bridging	10	108
3129	manipulators	10	108
3903	sites	10	108
10577	transcoding	10	108
2827	synthetic	10	108
4959	creating	10	108
5248	pricing	10	108
500	smoothing	10	108
3762	editing	10	108
1423	reservation	10	107
16503	behaviors	10	107
2111	window	10	107
2128	vertical	10	107
15180	thread	10	107
3333	sea	10	107
11341	pages	10	106
4067	difference	10	106
357	converter	10	106
2569	margin	10	106
3934	interconnection	10	106
4320	maximizing	10	106
2924	encoder	10	106
313	theoretical	10	106
3727	factors	10	106
11255	dimensionality	10	106
3140	curve	10	105
5740	transceiver	10	105
969	utilization	10	105
11216	arq	10	105
2525	gps	10	105
1058	division	10	105
2883	missing	10	105
3201	issue	10	105
15491	modis	10	105
2665	compensated	10	105
2427	abstraction	10	105
53098	infiniband	10	105
7857	september	10	104
537	ordering	10	104
2180	fluid	10	104
503	regular	10	104
110	asymptotic	10	104
1348	paper	10	104
6318	defects	10	104
12602	snr	10	104
27176	nano	10	104
5314	faces	10	104
7182	lans	10	104
904	person	10	104
7491	wavelength	10	103
3540	tissue	10	103
22576	portal	10	103
4212	fractional	10	103
8084	motions	10	103
3164	angle	10	103
302	transistor	10	103
23074	differentiated	10	102
2597	signaling	10	102
3206	saving	10	102
2243	internal	10	102
590	guidance	10	102
6512	asymmetric	10	102
1247	teaching	10	102
5037	sign	10	102
15402	gis	10	102
2060	tradeoff	10	101
1665	papers	10	101
13592	client	10	101
4306	cube	10	101
7685	dct	10	101
922	variational	10	101
2423	granularity	10	101
2651	inversion	10	101
4503	proximity	10	101
1814	growth	10	100
2536	explicit	10	100
6035	adapting	10	100
9518	hopping	10	100
759	representations	10	100
1643	terrain	10	100
4867	characterizing	10	100
13442	multiscale	10	100
1176	units	10	100
2868	observations	10	99
7928	meshes	10	99
8730	interconnects	10	99
40838	bgp	10	99
411	care	10	99
401	private	10	99
1210	arithmetic	10	99
2948	batch	10	99
7176	annealing	10	99
3982	effectiveness	10	98
10021	massive	10	98
2393	generalization	10	98
1478	assembly	10	98
1462	implications	10	98
437	carbon	10	98
3319	transient	10	98
877	vehicles	10	97
695	tradeoffs	10	97
720	logical	10	97
14121	radial	10	97
6821	lossless	10	97
9418	regularized	10	97
1077	exponential	10	97
4027	practice	10	97
7926	april	10	97
2026	workload	10	97
3589	imperfect	10	97
8074	wise	10	97
7651	usage	10	97
1885	segment	10	96
594	cover	10	96
9522	radiometer	10	96
19142	jpeg	10	96
4742	contrast	10	96
5407	ray	10	96
4183	work	10	96
15113	guarantees	10	95
3503	4th	10	95
10841	descriptors	10	95
11629	august	10	95
1532	connection	10	94
4483	selected	10	94
1847	prefix	10	94
6974	belief	10	94
2880	blocks	10	94
12951	similar	10	94
9640	prefetching	10	94
4596	ethernet	10	94
3230	joins	10	94
11728	phone	10	94
184	tables	10	94
2127	maximal	10	94
1188	comparing	10	93
10402	grouping	10	93
1283	mechanical	10	93
959	kalman	10	93
5107	traditional	10	93
5518	volumetric	10	93
7459	trusted	10	93
3258	treatment	10	93
7662	contention	10	93
3330	relative	10	92
6844	tdma	10	92
1304	flight	10	92
2194	elastic	10	92
3747	pass	10	92
4050	car	10	92
2830	pipeline	10	92
3617	robotics	10	92
4247	spatially	10	92
286	amplifier	10	92
2230	employing	10	92
2889	controlling	10	92
205	oil	10	92
152	feasibility	10	92
972	profiles	10	92
1417	lower	10	91
8913	workloads	10	91
3875	suppression	10	91
1093	family	10	91
9007	parallelization	10	91
3798	wire	10	91
1419	inductive	10	91
4414	musical	10	91
596	automata	10	90
4420	extensions	10	90
20012	concealment	10	90
2746	consistent	10	90
1335	matrices	10	90
202	monte	10	90
203	carlo	10	90
6651	compaction	10	89
1981	simplified	10	89
4267	blocking	10	89
1542	packing	10	89
10697	stock	10	89
8916	tier	10	89
1580	higher	10	89
15534	interferometric	10	89
6624	skew	10	89
1763	max	10	89
2430	integrity	10	89
3598	style	10	88
1245	session	10	88
4052	safety	10	88
828	injection	10	88
806	beam	10	88
2610	affine	10	88
8260	running	10	88
6180	vocabulary	10	88
3927	outdoor	10	88
2678	concurrency	10	87
13416	meeting	10	87
3293	peak	10	87
4783	compliance	10	87
7600	mission	10	87
9707	teleoperation	10	87
27575	denoising	10	87
1883	replacement	10	87
6640	optimisation	10	87
1216	descriptions	10	87
16172	pairwise	10	87
9198	pruning	10	86
105	coherent	10	86
614	compatible	10	86
2130	upper	10	86
4884	coherence	10	86
3248	serial	10	85
6354	disambiguation	10	85
122	integral	10	85
6166	cues	10	85
27177	blast	10	85
7743	anthropomorphic	10	85
3066	enhance	10	84
7974	cubes	10	84
3446	molecular	10	84
890	5th	10	84
3742	december	10	84
3938	age	10	84
9	blood	10	83
19293	nakagami	10	83
1616	induction	10	83
3209	converters	10	83
139	coefficients	10	83
1928	ultrasonic	10	83
6157	reversible	10	83
3755	recurrent	10	83
2937	implementations	10	82
350	considerations	10	82
849	ics	10	82
3817	unequal	10	82
15900	snake	10	82
7180	lan	10	81
672	locally	10	81
5236	benchmark	10	81
3537	merging	10	81
1476	purpose	10	81
2950	convolutional	10	81
25298	outlier	10	81
10559	logs	10	81
1496	transparent	10	81
3992	values	10	81
1588	history	10	81
12336	retinal	10	81
24675	proactive	10	81
43811	manet	10	81
3495	portable	10	80
5703	optimizations	10	80
4465	sentence	10	80
4190	strong	10	80
4252	compliant	10	80
5324	greedy	10	80
2167	substrate	10	79
11624	multiagent	10	79
534	observer	10	79
2516	box	10	79
6572	rotation	10	79
9266	toolkit	10	79
629	cad	10	79
823	impedance	10	79
874	normal	10	78
4239	nested	10	78
1191	better	10	78
4140	tomography	10	78
18764	tdd	10	78
4789	aperture	10	78
2954	valued	10	78
5156	topologies	10	78
6333	counting	10	78
3313	domains	10	78
4648	result	10	78
6777	overlapping	10	78
8313	correlations	10	78
1762	min	10	78
159	procedure	10	77
957	controllers	10	77
2440	observation	10	77
7683	sketch	10	77
8603	humans	10	77
2602	branch	10	77
13449	multithreaded	10	77
410	patient	10	77
2091	sensory	10	77
2896	driver	10	77
738	tactile	10	77
2303	successive	10	77
6236	opportunities	10	76
2634	recognizing	10	76
3770	heuristics	10	76
1321	interpretation	10	76
550	accelerated	10	76
3937	supported	10	76
42368	voip	10	76
6182	activation	10	75
3162	compilation	10	75
217	anisotropic	10	75
3387	declarative	10	75
2240	dependencies	10	75
20882	granular	10	75
610	decoupling	10	75
2047	scattering	10	75
3615	groups	10	75
1718	times	10	75
9057	revised	10	75
177	clinical	10	75
3134	preference	10	75
667	boolean	10	75
1942	driving	10	75
2838	generated	10	75
8143	conflict	10	74
16206	dependable	10	74
3056	parity	10	74
2151	specifications	10	74
109	discrimination	10	74
1255	obstacle	10	74
8524	finger	10	74
4017	macro	10	74
3300	modification	10	74
6290	loops	10	74
31786	fmri	10	74
2261	collective	10	73
2142	trends	10	73
234	corner	10	73
11330	multicasting	10	73
2394	proof	10	73
4716	july	10	72
7245	survivable	10	72
2354	benefits	10	72
4234	condition	10	72
3525	logics	10	72
3412	proposal	10	72
438	basic	10	72
1749	piecewise	10	72
7089	grasping	10	72
230	combinational	10	71
9246	sat	10	71
8526	skin	10	71
7734	replica	10	71
3954	codec	10	71
3246	offs	10	71
1031	automation	10	70
7755	classifying	10	70
338	read	10	70
10797	dof	10	70
1234	worst	10	70
3985	effort	10	70
3175	transactions	10	70
7473	transmissions	10	70
748	associative	10	70
893	configurations	10	70
36086	olap	10	70
5305	passing	10	70
4876	cryptography	10	70
3901	shadow	10	70
1554	capabilities	10	69
4413	visualizing	10	69
4355	addressing	10	69
4133	list	10	69
10133	check	10	69
668	multiplication	10	69
3968	simd	10	69
1240	panel	10	69
6326	concatenated	10	69
5509	commercial	10	69
13252	vegetation	10	69
7411	scheduler	10	69
4947	generative	10	69
236	equivalence	10	69
1518	levels	10	68
5058	prevention	10	68
1670	simulating	10	68
4035	demonstration	10	68
3122	calculation	10	68
5510	intensity	10	68
6179	histograms	10	68
2066	reachability	10	68
2003	bank	10	68
544	areas	10	68
14711	liver	10	68
1363	disturbance	10	68
14839	dominating	10	68
3154	projections	10	68
6742	6th	10	68
2007	interacting	10	68
9244	competitive	10	68
1252	doppler	10	68
6747	schedule	10	67
15009	receive	10	67
6265	capturing	10	67
2817	normalization	10	67
16628	imitation	10	67
5963	auditory	10	67
1489	obstacles	10	67
157	monitor	10	67
39509	bioinformatics	10	67
493	stationary	10	67
1658	maintaining	10	67
1005	bayes	10	67
151	estimator	10	67
2245	inferring	10	66
2554	proportional	10	66
1328	principle	10	66
456	regional	10	66
3213	scanning	10	66
7562	pair	10	66
2751	vibration	10	66
581	algebraic	10	66
11056	situation	10	66
12759	copy	10	66
5443	reflectance	10	65
12241	neuro	10	65
8428	historical	10	65
2852	terminals	10	65
8066	spatiotemporal	10	65
2313	stimulation	10	65
3499	dataflow	10	65
5508	cryptanalysis	10	65
1285	multichannel	10	65
7656	false	10	64
485	directions	10	64
661	modules	10	64
7460	products	10	64
5918	priors	10	64
618	operational	10	64
4379	airborne	10	64
6296	lossy	10	64
22128	seamless	10	64
7028	creation	10	63
3939	changing	10	63
837	elements	10	63
913	equivalent	10	63
6269	party	10	63
268	hierarchies	10	63
1254	automotive	10	63
6197	revisited	10	62
1582	microprocessors	10	62
11609	investigating	10	62
2732	subjective	10	62
8408	lookup	10	62
1460	english	10	62
1120	modulator	10	62
3724	kinematics	10	62
2011	designed	10	61
369	classes	10	61
5553	earth	10	61
1544	multilayer	10	61
162	detectors	10	61
10706	trading	10	61
8372	ice	10	61
14276	rtl	10	60
5707	red	10	60
6579	filling	10	60
4632	steering	10	60
1719	vectors	10	60
8146	timed	10	60
3729	consideration	10	60
1406	updating	10	60
6411	ensembles	10	60
3273	velocity	10	60
2267	diverse	10	59
1401	determining	10	59
2484	focused	10	59
8425	fractal	10	59
1094	algorithmic	10	59
251	incomplete	10	59
5513	available	10	59
37102	itemsets	10	59
10770	worm	10	59
45214	jpeg2000	10	59
4000	delayed	10	59
40094	recommender	10	59
781	compound	10	59
1415	flip	10	59
3152	alternative	10	58
862	working	10	58
1821	algebra	10	58
40492	anycast	10	58
11079	jobs	10	58
7283	posture	10	58
1770	width	10	58
6490	articulated	10	58
1001	covariance	10	58
4855	cryptographic	10	58
787	charge	10	58
8706	slicing	10	58
2960	place	10	58
1711	axis	10	58
5559	aerial	10	57
1683	adjustment	10	57
2641	behaviour	10	57
3766	custom	10	57
1224	computations	10	57
3371	checkpointing	10	57
13276	interferometry	10	57
4291	built	10	56
4124	templates	10	56
21673	selfish	10	56
4225	warehouse	10	56
7586	ary	10	56
9493	subcarrier	10	56
2704	variant	10	56
11513	speculative	10	56
4369	dft	10	56
14339	packets	10	56
524	wavelets	10	56
2235	authorization	10	56
307	oscillator	10	55
18962	offline	10	55
3627	servo	10	55
2246	examples	10	55
5348	8th	10	55
3364	organized	10	55
2743	ocean	10	54
11932	angular	10	54
32905	wrapper	10	54
2473	flat	10	54
14447	pacific	10	54
12547	resilience	10	54
239	variables	10	54
14778	wormhole	10	54
7114	publishing	10	54
529	pursuit	10	53
361	queueing	10	53
4150	methodologies	10	53
3020	studying	10	53
5743	sql	10	53
6489	nonrigid	10	53
2988	inverted	10	53
528	law	10	53
0	deadlock	10	53
4893	backward	10	53
5064	strength	10	53
1408	spanning	10	53
6487	european	10	53
3671	achievable	10	52
23045	unicast	10	52
5900	manifolds	10	52
2346	analytic	10	52
3776	partner	10	52
4470	relaxation	10	52
2155	splitting	10	52
12820	multiresolution	10	52
2281	unreliable	10	52
6833	omnidirectional	10	52
6881	omni	10	52
644	heat	10	52
2490	correcting	10	52
2291	fourier	10	52
3900	touch	10	52
843	triggered	10	52
13311	salinity	10	52
3472	cpu	10	51
2622	diagrams	10	51
2305	capacitor	10	51
3480	expressive	10	51
1701	normalized	10	51
2436	files	10	51
2927	steiner	10	51
5945	naive	10	51
1288	recording	10	51
1316	multiplier	10	51
8036	cases	10	51
878	sampled	10	51
911	neighbors	10	50
4952	story	10	50
4422	synthesizing	10	50
24478	keywords	10	50
52670	bicm	10	50
2349	minimize	10	50
7871	intention	10	50
5282	frames	10	50
3278	modulators	10	50
8709	viterbi	10	50
1739	controllability	10	50
2671	capacitance	10	50
13336	publication	10	50
2382	consumer	10	50
488	knee	10	49
1766	setting	10	49
3367	mappings	10	49
3229	category	10	49
2326	limits	10	49
4576	talking	10	49
5710	probing	10	49
4227	arrival	10	49
472	known	10	49
5811	helicopter	10	49
21822	gossip	10	49
2931	amplitude	10	49
3139	pictures	10	49
11868	denial	10	49
8824	representative	10	48
41	approximations	10	48
8681	wired	10	48
3045	taxonomy	10	48
156	progress	10	48
1059	representing	10	48
14093	nonholonomic	10	48
20439	aes	10	48
12294	uncalibrated	10	48
1448	actor	10	48
21878	twig	10	48
7125	marking	10	48
21773	museum	10	48
3197	testability	10	47
2198	containment	10	47
3436	extracted	10	47
17019	cultural	10	47
1891	bases	10	47
2818	coefficient	10	47
5301	curvature	10	47
278	indices	10	47
8178	facilitating	10	47
3858	fir	10	47
6552	pid	10	47
2813	split	10	46
2477	states	10	46
20009	rake	10	46
11668	lifting	10	46
10838	australia	10	46
5908	buffers	10	46
330	aid	10	46
12071	logistic	10	46
7606	polarization	10	46
7449	abstractions	10	46
2056	colored	10	46
6116	traces	10	46
3849	room	10	46
706	store	10	46
19040	underactuated	10	45
9248	item	10	45
10153	guarantee	10	45
479	team	10	45
4895	duration	10	45
2631	entities	10	45
3667	kinematic	10	45
11613	biologically	10	45
414	circular	10	45
1424	aloha	10	45
4689	automating	10	45
6943	linking	10	45
7804	baseline	10	45
2343	educational	10	45
1714	spline	10	45
1765	following	10	45
11584	notification	10	45
775	theorem	10	45
4461	items	10	45
2286	contours	10	45
1437	additive	10	45
4148	api	10	44
46995	aqm	10	44
7809	repository	10	44
2256	costs	10	44
252	version	10	44
3148	emission	10	44
3716	assistance	10	44
5598	actuated	10	44
2774	anatomical	10	44
820	modulated	10	44
25790	asia	10	44
3626	causal	10	44
9485	bursty	10	44
5312	vertex	10	44
9039	satisfiability	10	44
6879	remotely	10	44
3415	elliptic	10	44
1633	help	10	44
5115	easy	10	44
13457	destination	10	43
9718	unmanned	10	43
3925	recovering	10	43
724	ability	10	43
13861	rescue	10	43
459	period	10	43
15917	ilp	10	43
16178	threads	10	43
3818	probabilities	10	43
2837	reflection	10	42
13078	instances	10	42
1613	compilers	10	42
389	introducing	10	42
2769	need	10	42
2722	thresholding	10	42
14013	parallelizing	10	42
6420	mental	10	42
6059	traceback	10	42
7263	swing	10	42
13098	canopy	10	42
4266	row	10	42
7271	dominant	10	42
12839	reordering	10	41
13125	california	10	41
2842	picture	10	41
2258	parts	10	41
2144	canada	10	41
1172	computers	10	41
1169	film	10	41
3107	weights	10	41
3318	segmenting	10	40
2522	bearing	10	40
3306	echo	10	40
1849	restricted	10	40
9422	noncoherent	10	40
5160	request	10	39
4984	interleaving	10	39
4472	retrieving	10	39
27844	deploying	10	39
4154	office	10	39
2738	residual	10	39
2754	warping	10	38
9670	dependability	10	38
3214	microscope	10	38
1461	organizations	10	38
1929	realtime	10	38
123	equations	10	38
4794	star	10	38
2843	skeleton	10	38
484	feasible	10	38
5103	acquiring	10	37
4056	san	10	37
626	residue	10	37
10282	pendulum	10	37
1477	versatile	10	37
7136	voronoi	10	36
1909	invited	10	36
3420	provision	10	36
3301	tracker	10	36
11215	repeat	10	36
2719	sounds	10	36
2797	comparisons	10	36
120	wiener	10	36
7714	lessons	10	36
7894	tight	10	36
2588	nature	10	35
2200	sla	10	35
3370	backup	10	35
3003	divide	10	35
8512	fingered	10	35
1021	scans	10	34
3270	generate	10	34
1738	mini	10	34
4356	adapted	10	34
1911	master	10	34
973	predict	10	34
10675	federated	10	34
6367	fly	10	34
1984	compute	10	34
4664	screening	10	34
3435	separating	10	34
5025	scaled	10	34
2789	segments	10	34
2210	procedures	10	33
9081	coordinating	10	33
931	sufficient	10	32
8635	relevant	10	32
7664	routes	10	32
33357	providers	10	32
3906	polygonal	10	32
8070	selectivity	10	32
5787	actuators	10	32
1645	facility	10	32
2076	neuron	10	32
2310	dissipation	10	31
3403	covering	10	31
8182	deadline	10	31
2192	absolute	10	31
6734	cue	10	31
9043	conferencing	10	31
18053	watershed	10	31
3654	decoupled	10	31
18887	settings	10	31
1703	steady	10	31
8850	provably	10	30
27752	morphing	10	30
3895	unconstrained	10	30
13288	boreal	10	30
3877	names	10	30
755	predicate	10	30
4091	crop	10	30
8171	examination	10	29
14279	cscw	10	29
953	penalty	10	28
3565	competition	10	28
2309	gates	10	28
3004	conquer	10	28
2523	stabilizing	10	27
12660	select	10	27
1308	volumes	10	27
12987	panoramic	10	27
511	minimax	10	26
7164	budget	10	26
14539	dns	10	26
4938	subband	10	26
11692	conformance	10	26
16583	ann	10	26
3054	encoded	10	26
6050	enforcing	10	25
4571	pure	10	25
17752	steerable	10	25
1330	laws	10	25
18070	landscape	10	25
3991	modulo	10	24
1743	splines	10	24
13775	vessels	10	24
730	solve	10	24
20328	bare	10	24
3723	biomechanical	10	23
1589	matched	10	23
7528	gibbs	10	23
6547	transitions	10	23
2429	directory	10	23
2707	frequencies	10	22
662	realizing	10	22
1494	curved	10	21
3169	rotational	10	21
2653	figure	10	21
12038	carotid	10	20
2188	formations	10	19
10576	represented	10	16
17864	binarization	10	16
2268	cooperating	10	13
2633	disease	9	139
4766	distributions	9	132
2062	quantum	9	129
3647	underwater	9	123
448	health	9	120
466	defined	9	116
2103	relationships	9	113
6350	scenarios	9	113
15069	precoding	9	110
26588	umts	9	108
687	introduction	9	108
2386	lattice	9	106
2095	population	9	104
532	realization	9	102
16455	november	9	99
343	pressure	9	98
8697	resonance	9	98
18999	october	9	98
5457	testbed	9	97
993	impulse	9	97
2075	positioning	9	97
52826	skyline	9	96
6012	evidence	9	95
5030	cameras	9	95
16188	interoperability	9	94
6404	friendly	9	94
1742	squares	9	94
1019	rates	9	93
10210	vliw	9	92
4186	price	9	92
684	report	9	92
3758	emerging	9	90
3631	kernels	9	89
11883	detect	9	89
3470	topological	9	88
793	assessing	9	87
1793	inspection	9	87
3360	geo	9	86
80	imagery	9	84
84	bias	9	84
2141	art	9	83
3561	confidence	9	82
2777	words	9	82
1399	balance	9	82
21	review	9	82
9838	accelerator	9	82
3866	corpus	9	81
48	square	9	80
4255	station	9	79
15426	fish	9	78
2121	regulation	9	77
1881	tone	9	77
2371	selecting	9	76
491	movements	9	75
1343	smooth	9	75
3125	voting	9	75
4327	safe	9	75
37	hot	9	74
4845	biased	9	73
3484	good	9	73
4862	weighting	9	73
4406	baseband	9	72
3372	correspondence	9	72
2088	operators	9	72
23367	workshops	9	71
2636	actions	9	70
1024	lung	9	70
1896	formulation	9	69
3363	external	9	69
29937	healthcare	9	69
4372	patients	9	68
4838	7th	9	68
5234	wind	9	68
5708	blue	9	67
29920	www	9	67
3828	audition	9	67
9762	thickness	9	67
3311	phrase	9	66
12208	occlusion	9	66
3847	windows	9	66
4425	updates	9	65
4094	materials	9	65
41471	diffserv	9	64
1057	transforms	9	64
963	gray	9	64
1382	drive	9	64
4907	precise	9	64
19785	prostate	9	63
31368	vod	9	61
9516	handwriting	9	61
2462	2nd	9	61
2472	fisher	9	61
2981	optimality	9	60
49257	humanoids	9	60
1944	displays	9	60
6839	moment	9	59
5614	dram	9	59
1936	improvements	9	59
6938	pyramid	9	58
1340	terminal	9	58
1957	stack	9	58
8515	hands	9	58
6805	laplacian	9	58
564	variance	9	58
4949	morphological	9	58
5599	battery	9	58
6585	chaos	9	58
1294	electric	9	58
2351	messages	9	57
2904	write	9	57
603	perturbation	9	57
6901	anomalies	9	57
328	electronics	9	56
2042	partitioned	9	56
4451	shapes	9	56
12677	ber	9	56
3680	wall	9	56
5763	desktop	9	56
12833	salient	9	56
6062	coordinate	9	56
6327	buses	9	56
5487	innovative	9	56
10090	affinity	9	56
1243	university	9	56
235	parsing	9	56
422	adaptable	9	55
13182	hyper	9	55
41523	knn	9	55
2139	japan	9	55
8873	cipher	9	55
2316	recent	9	55
27289	sdma	9	54
19127	soi	9	54
3067	subspaces	9	54
3459	bulk	9	54
1618	1st	9	53
17544	conscious	9	53
2115	modern	9	53
9085	avoiding	9	53
10787	tele	9	53
21265	genome	9	53
9771	fingerprinting	9	53
16929	queued	9	53
12099	spectroscopy	9	53
3128	scalar	9	53
4784	torque	9	52
11023	chart	9	52
8157	inertial	9	52
568	targets	9	52
2801	japanese	9	52
4729	buffered	9	52
16248	gaze	9	52
8004	stations	9	51
8694	atpg	9	51
277	ordered	9	51
7582	faster	9	51
385	technical	9	51
2932	responses	9	50
8339	divergence	9	50
9609	duplication	9	50
8528	grasp	9	50
42530	utra	9	50
19389	hong	9	50
19390	kong	9	50
12104	vivo	9	50
3745	government	9	50
3299	connections	9	49
24840	immersive	9	49
4299	true	9	49
2450	queuing	9	49
1826	suite	9	49
233	left	9	49
9110	erasure	9	49
657	bipartite	9	49
1846	terms	9	49
405	mhz	9	49
1379	completion	9	49
7752	quantifying	9	49
12216	bone	9	49
2074	player	9	49
4759	records	9	49
39661	biometrics	9	49
329	reading	9	49
371	annual	9	48
2892	bidirectional	9	48
7201	bilateral	9	48
19461	pushing	9	48
14117	forecast	9	48
11759	survivability	9	47
2339	shaping	9	47
1136	complementary	9	47
1397	build	9	47
3179	probe	9	47
9048	contexts	9	47
2822	reception	9	47
98	flexibility	9	46
8811	implement	9	46
9572	gestures	9	46
13002	agile	9	46
700	status	9	46
46	hypothesis	9	45
8369	quantification	9	45
10291	abnormal	9	45
2476	multistage	9	45
1835	increase	9	45
14284	authoring	9	45
2705	pitch	9	45
8701	tagged	9	45
13009	cleaning	9	45
8172	13th	9	45
2770	standards	9	45
461	equalizer	9	44
1698	physiological	9	44
1239	schemas	9	44
2213	commodity	9	44
5452	provide	9	44
3580	slotted	9	44
2217	mail	9	44
7605	qam	9	43
2325	fundamental	9	43
4279	shaped	9	43
346	barrier	9	43
2270	focus	9	43
21672	lmi	9	43
6306	push	9	43
8654	triple	9	43
2041	unifying	9	43
6039	persistent	9	43
7294	customized	9	43
8814	semantically	9	43
807	discharge	9	42
3010	subdivision	9	42
4033	including	9	42
8364	chord	9	42
8081	attitude	9	42
51319	inpainting	9	42
4028	dimensions	9	42
50031	aodv	9	41
10612	gsm	9	41
38321	crawling	9	41
2635	summarizing	9	41
797	amplifiers	9	41
9755	quadruped	9	41
2360	categories	9	41
14024	disparity	9	41
3126	teams	9	41
4061	dead	9	41
5994	mediated	9	41
2629	associations	9	41
3120	column	9	41
19149	archives	9	41
4215	moments	9	41
522	identical	9	40
5300	gigabit	9	40
9182	floorplan	9	40
8223	gated	9	40
5958	dedicated	9	40
29623	macroblock	9	40
8700	buffering	9	40
11844	labels	9	40
1236	spectra	9	40
31939	foreground	9	39
6186	answer	9	39
1506	folding	9	39
12885	ontological	9	39
2176	cascaded	9	39
7416	construct	9	39
1611	strict	9	38
6226	exception	9	38
3224	isi	9	38
8424	entertainment	9	38
11757	fitness	9	38
7644	functionality	9	38
79	multispectral	9	38
1193	lexicon	9	38
1560	laboratory	9	38
2219	evaluate	9	38
15330	11th	9	38
1880	half	9	38
2598	estimators	9	37
13785	advance	9	37
6840	prioritized	9	37
9407	endoscope	9	37
2696	deconvolution	9	37
12927	extract	9	37
1063	reed	9	37
9439	cerebral	9	37
4141	geometrical	9	37
7103	topics	9	36
5696	exercise	9	36
8615	neurons	9	36
5289	capable	9	36
12807	triangle	9	36
4642	exposure	9	36
15046	perceived	9	36
43142	rbac	9	36
18797	beacon	9	36
5493	pad	9	36
7496	statistic	9	36
1568	guidelines	9	36
4715	france	9	35
12931	fingerprints	9	35
39159	matchmaking	9	35
5321	disjoint	9	35
7121	pet	9	35
26586	fdd	9	35
12188	scoring	9	35
3113	iii	9	35
5985	layers	9	35
1800	mask	9	35
2179	slope	9	35
4450	lateral	9	35
2276	forming	9	34
9800	relaxed	9	34
1781	subjects	9	34
19969	outliers	9	34
2681	theories	9	34
3411	able	9	34
19744	laparoscopic	9	34
9150	covered	9	34
22596	genomic	9	34
7936	bottleneck	9	34
5917	spot	9	34
5039	alert	9	34
4307	cycles	9	33
5749	analyses	9	33
4999	dac	9	33
5989	composing	9	33
3426	derivation	9	33
8407	morphology	9	33
4711	fragments	9	33
3961	optic	9	33
2033	foundations	9	33
1740	slow	9	33
11373	schedulability	9	33
4649	optimistic	9	33
15591	heritage	9	32
9145	predictable	9	32
7750	paradigms	9	32
9540	fec	9	32
9228	retiming	9	32
4706	forests	9	32
2734	multipliers	9	32
25467	hosts	9	32
3414	learn	9	32
6950	guiding	9	31
430	multiplexed	9	31
9371	asr	9	31
6686	kinetic	9	31
2928	rectilinear	9	31
9642	materialized	9	31
5463	responsive	9	31
8398	solomon	9	31
14363	rician	9	31
17791	delivering	9	30
24821	markup	9	30
19647	distinguishing	9	30
2399	predictability	9	30
3284	quadrature	9	30
1154	counter	9	30
193	man	9	30
9789	telecom	9	30
5492	arrangement	9	30
8413	datapath	9	30
23827	emotions	9	30
9350	sketching	9	30
1858	defining	9	30
6480	looking	9	29
5526	precedence	9	29
6023	goals	9	29
11550	implants	9	29
3419	worlds	9	29
3800	alternating	9	29
12601	tcm	9	29
5495	executable	9	29
619	graphic	9	29
324	ram	9	29
7742	polymer	9	29
29057	nanotubes	9	29
5569	triangulation	9	29
30519	anchor	9	29
40655	website	9	29
294	bar	9	28
9168	refining	9	28
8030	persistence	9	28
4496	telephony	9	28
3839	sentences	9	28
12027	cardiovascular	9	28
2400	recognize	9	28
2780	bands	9	28
340	transistors	9	28
4563	significant	9	28
5276	segmented	9	28
16316	aggregates	9	28
3016	foundation	9	28
3581	token	9	28
7185	unbalanced	9	28
2501	agricultural	9	28
3034	committee	9	28
8326	microscopic	9	27
2793	taking	9	27
1555	limitations	9	27
8922	payload	9	27
3944	miniature	9	27
3905	coordinates	9	27
18170	brdf	9	27
1567	deriving	9	27
11778	marketing	9	27
34824	simo	9	27
11639	hopfield	9	27
10416	pull	9	27
1085	des	9	27
4160	cam	9	27
1954	optimizer	9	26
11381	medial	9	26
3880	damping	9	26
5668	trend	9	26
4634	dielectric	9	26
26585	adopting	9	26
14689	emergent	9	26
365	straight	9	25
8008	popular	9	25
8278	benchmarks	9	25
11122	styles	9	25
6963	shadows	9	25
2119	pointing	9	25
5053	conflicts	9	25
1427	decisions	9	25
7130	protected	9	25
3603	refined	9	25
400	determine	9	25
2606	forces	9	25
19219	translucent	9	25
25372	hotspot	9	24
8416	keyframe	9	24
12047	pulmonary	9	24
31407	seu	9	24
3253	termination	9	24
5144	predicates	9	24
12430	lesions	9	24
3609	operative	9	24
3791	addressable	9	24
14672	proteins	9	24
1416	flops	9	24
2481	eigenvalue	9	24
9405	reader	9	24
3161	definitions	9	23
2993	ideal	9	23
5179	going	9	23
2093	gram	9	23
6900	speedup	9	23
2806	sections	9	23
4019	membership	9	23
15408	albedo	9	23
2823	syntax	9	23
7624	dispersive	9	23
9597	accesses	9	23
7349	magic	9	23
24565	tangible	9	23
14156	delegation	9	23
7200	electro	9	22
6861	beta	9	22
4003	scope	9	22
3153	frameworks	9	22
4660	degraded	9	22
13383	pan	9	22
752	drawings	9	22
1011	suboptimal	9	22
6708	polygons	9	22
7102	script	9	22
4177	landing	9	21
7074	measured	9	21
13976	backplane	9	21
6099	combinations	9	21
24235	appliances	9	21
18638	spanners	9	20
4969	priori	9	20
682	legal	9	20
1735	companion	9	20
35732	html	9	20
4897	adaptively	9	20
5455	telecommunication	9	20
19591	radiotherapy	9	19
25449	iccs	9	19
9669	multigrid	9	19
17384	seal	9	19
3861	novelty	9	19
3219	nonuniform	9	19
7012	correlating	9	19
5973	storing	9	19
1425	specifying	9	18
3478	disks	9	18
2714	synthesizer	9	18
3211	waveforms	9	18
5949	initiative	9	18
536	economy	9	18
43718	marketplaces	9	17
5860	observable	9	17
5297	canceller	9	17
6715	unidirectional	9	17
4966	playback	9	16
2779	articulatory	9	16
9293	capacities	9	16
7569	mapped	9	15
6836	linearly	9	14
2900	ppm	9	14
4557	dispatching	9	13
16907	exponents	9	12
1066	reversal	9	12
593	cloud	8	286
35339	2005	8	257
875	emergency	8	116
810	cancer	8	95
4098	degradation	8	90
11303	aging	8	89
31441	affective	8	88
23210	multiview	8	73
1741	modes	8	68
11700	walk	8	63
1436	dictionary	8	62
2479	characteristic	8	60
27948	sink	8	58
6298	boosted	8	57
21369	nanometer	8	57
4164	breast	8	56
756	calculus	8	55
14663	alzheimer	8	55
44122	mpls	8	53
8599	brightness	8	52
2512	legged	8	52
7899	2000	8	52
10919	duty	8	52
8509	identify	8	51
2332	multirate	8	51
7945	leader	8	50
25488	cmps	8	50
6343	assistant	8	48
19706	coexistence	8	48
8154	lake	8	48
9945	learned	8	48
926	canonical	8	46
7430	euclidean	8	45
51957	stbc	8	45
692	syntactic	8	44
2433	record	8	43
1688	tutorial	8	43
9965	therapy	8	43
8644	srams	8	41
8768	modality	8	40
2143	italy	8	40
12664	routed	8	39
155	aircraft	8	39
11272	matlab	8	39
711	guide	8	39
5177	initialization	8	38
2085	summary	8	38
14520	bipedal	8	38
764	limit	8	38
1692	perfect	8	38
2294	metal	8	38
3482	iteration	8	37
7907	schedulers	8	37
7979	portals	8	37
10526	hip	8	37
3399	skill	8	37
16431	accelerators	8	36
49735	3gpp	8	36
483	centers	8	35
4870	present	8	35
50731	11a	8	35
2701	hearing	8	35
4776	conventional	8	35
3423	cartoon	8	35
9997	delaunay	8	35
13780	autonomy	8	34
5950	decoders	8	34
4800	stuck	8	33
11508	carrying	8	33
10117	pcs	8	33
683	texts	8	33
5447	bed	8	33
4315	freedom	8	33
2090	prosthesis	8	33
12108	rat	8	33
516	chemical	8	33
7514	prosodic	8	32
6699	simultaneously	8	32
24774	interests	8	32
8788	sided	8	32
3933	hull	8	31
2514	horizon	8	31
6813	predictions	8	31
8586	anatomy	8	31
8211	codesign	8	31
4165	drawing	8	31
5178	spacecraft	8	31
35043	scratch	8	31
4923	ser	8	31
7407	screen	8	31
5165	feed	8	31
17751	mrf	8	30
2949	setup	8	30
8094	repetitive	8	30
4672	atmospheric	8	30
5524	deformations	8	30
12250	spine	8	30
1731	steps	8	30
1137	implantable	8	30
5166	adjusting	8	30
1106	correctness	8	30
6795	perceptron	8	30
6376	byzantine	8	30
3425	playing	8	29
13573	compositional	8	29
5975	cone	8	29
30089	evolvable	8	29
4669	germany	8	29
4283	shading	8	29
38117	minutiae	8	28
4335	turn	8	28
6294	standby	8	28
9714	fixtures	8	28
4151	military	8	28
21547	replicas	8	28
5869	losses	8	28
16963	fabrics	8	28
11375	photographs	8	28
35736	advertisement	8	28
1219	repeated	8	27
8696	ranked	8	27
1878	animated	8	27
36225	gprs	8	27
4853	fail	8	27
4739	conservation	8	27
31842	sinr	8	27
2615	insensitive	8	27
31293	bitstream	8	27
6278	keying	8	27
10335	distances	8	27
5793	physically	8	27
29406	targeted	8	27
5423	shallow	8	27
1215	numbers	8	26
32356	micromanipulation	8	26
5308	possible	8	26
37363	smp	8	26
4532	constructive	8	26
32222	forensic	8	26
9556	thesaurus	8	26
21656	backstepping	8	26
2385	planner	8	26
51331	drm	8	26
17587	fidelity	8	26
7291	suspension	8	26
1823	subsequence	8	26
3825	coder	8	26
12893	raid	8	26
4149	formalization	8	26
7537	caused	8	25
26750	vulnerabilities	8	25
5585	vco	8	25
15272	inductor	8	25
1894	accessing	8	25
1547	isolated	8	25
6754	merge	8	25
8870	options	8	25
16481	skull	8	25
4495	submicron	8	25
3235	union	8	25
18249	taming	8	25
1898	transferring	8	25
2630	degrees	8	25
7762	iterated	8	25
2519	rhythm	8	24
6548	great	8	24
11720	atm	8	24
7059	syndrome	8	24
3019	assist	8	24
429	statistically	8	24
1109	developmental	8	24
9591	strategic	8	24
14622	distant	8	24
5118	difficult	8	24
6583	lagrangian	8	24
415	polling	8	23
6453	television	8	23
3893	modulus	8	23
670	closure	8	23
4455	psychological	8	23
996	printed	8	23
3015	classroom	8	23
13517	sport	8	23
11775	terrestrial	8	23
3595	faulty	8	23
13085	sheet	8	23
50819	waim	8	23
5714	acyclic	8	23
4117	charts	8	22
18395	bringing	8	22
4717	simplifying	8	22
12445	chronic	8	22
13079	ers	8	22
2763	phonetic	8	22
8854	routability	8	22
19198	eda	8	22
24509	resizing	8	22
17983	relocation	8	22
19741	gel	8	22
3368	locking	8	22
11074	quorum	8	22
53262	nanowire	8	22
7689	humming	8	22
30932	watermarks	8	21
5434	fold	8	21
16526	spect	8	21
6449	transceivers	8	21
5799	dry	8	21
4417	colour	8	21
17053	enrichment	8	21
1578	stores	8	21
772	follower	8	21
14355	awgn	8	21
5163	concrete	8	21
4456	nonmonotonic	8	21
1630	duality	8	21
39464	stateless	8	20
1737	invariance	8	20
13450	invalidation	8	20
22908	lut	8	20
9229	integrator	8	20
3874	clutter	8	20
3668	classical	8	20
39328	appearances	8	20
10836	gradual	8	20
3524	completeness	8	20
2771	inherent	8	20
4258	observed	8	20
2362	compiling	8	20
2544	queues	8	20
8852	truncated	8	20
26748	broker	8	20
32128	warehousing	8	19
17944	insect	8	19
2057	multiplicative	8	19
5184	emergence	8	19
19141	esd	8	19
32743	packetization	8	19
3972	major	8	19
1563	numeric	8	19
15645	lakes	8	19
14489	intentions	8	19
4278	workbench	8	19
1152	investigations	8	18
1227	compositions	8	18
13007	docking	8	18
18900	audit	8	18
18439	exemplar	8	18
19574	wet	8	18
23016	invisible	8	18
17122	huge	8	18
857	rings	8	18
34345	photorealistic	8	18
43885	relighting	8	18
10128	sight	8	18
1334	conditioned	8	18
12617	widely	8	18
12819	overcoming	8	17
13143	arid	8	17
7249	standardization	8	17
5218	phases	8	17
7682	reusability	8	17
4083	alternatives	8	17
17610	tilt	8	17
557	newton	8	17
17701	lightpath	8	16
1354	rectangular	8	16
977	works	8	16
4945	figures	8	16
7571	mounted	8	16
22311	arthroplasty	8	16
12680	concise	8	16
17010	copyright	8	16
1237	formulas	8	16
1490	solvers	8	16
179	rational	8	16
31846	icp	8	16
4510	psk	8	16
15546	vancouver	8	15
18966	occlusions	8	15
1303	quantizer	8	15
12161	vitro	8	15
3768	composed	8	15
5347	implication	8	15
5000	calibrated	8	15
6422	keeping	8	14
763	proofs	8	14
3976	addition	8	14
16856	painting	8	14
4135	hypercube	8	14
1133	bucket	8	14
24332	grams	8	13
45184	synopses	8	13
8971	projective	8	12
3593	negotiations	8	12
6827	distorted	8	12
19256	spec	8	12
2226	dot	8	12
4806	slide	8	12
42875	nlos	8	12
18273	recycling	8	11
22899	repairing	8	10
15052	dfe	8	10
13749	spl	7	240
212	gas	7	83
7559	codebook	7	58
13277	emissivity	7	50
6266	requirement	7	46
5662	geography	7	42
20238	endoscopy	7	42
16419	infin	7	41
5868	riemannian	7	39
5940	quick	7	38
4850	past	7	38
6617	ventricular	7	37
617	revisiting	7	37
602	spain	7	36
2082	cord	7	36
4810	17th	7	35
21983	leo	7	33
13991	cast	7	33
2416	students	7	33
2384	analyze	7	33
3168	dominance	7	32
30650	biopsy	7	32
20202	clients	7	32
2318	pulsed	7	32
18313	cloning	7	31
7370	expertise	7	31
7568	adjacent	7	30
22099	storytelling	7	30
1078	primitive	7	29
1220	strings	7	29
34381	avatar	7	29
4608	dictionaries	7	28
44078	xcs	7	28
5497	augmentation	7	27
6001	skills	7	26
2275	unexpected	7	26
1901	feedforward	7	26
22529	classify	7	26
4518	micron	7	25
5893	projected	7	24
1092	tri	7	24
20991	conjunction	7	23
4447	conversation	7	23
14533	farm	7	23
9473	artifact	7	23
5601	centroid	7	23
4521	associated	7	23
7506	photometric	7	22
9711	develop	7	22
3489	substitution	7	22
779	electrodes	7	22
2589	performing	7	22
28039	haar	7	22
3744	personality	7	22
6092	attenuation	7	22
6925	ciphers	7	22
6949	mosaic	7	22
29789	everyday	7	22
994	inputs	7	21
3196	specialization	7	21
11860	navigating	7	21
8388	transduction	7	21
12083	bundle	7	21
9063	positions	7	21
6619	crane	7	21
9896	informed	7	21
3697	instantaneous	7	21
9088	held	7	21
13990	explore	7	21
19902	zoom	7	21
14556	dental	7	21
4489	conditioning	7	21
6491	linkages	7	20
3492	ibm	7	20
23986	audiovisual	7	20
10191	guaranteeing	7	20
5094	skewed	7	20
2835	compensating	7	20
13640	melody	7	20
14555	landmarks	7	20
3545	inhomogeneous	7	20
2897	miniaturized	7	20
21955	tiling	7	19
15148	interactivity	7	19
6389	versions	7	19
6086	hadamard	7	19
13421	equalisation	7	19
7697	naming	7	19
747	finder	7	19
26425	foraging	7	19
8766	sender	7	19
24587	dummy	7	19
961	causality	7	19
5208	lagrange	7	19
4184	schedules	7	19
7657	dealing	7	19
12097	tumors	7	19
3566	pneumatic	7	19
4508	organ	7	19
11080	aperiodic	7	19
7203	arc	7	19
16122	portugal	7	18
20132	discriminating	7	18
14152	bad	7	18
4284	loads	7	18
7128	reaching	7	18
7177	tsp	7	18
11369	customizable	7	18
46084	crawler	7	18
6093	conjugate	7	18
20019	wirelength	7	18
6502	shear	7	18
3538	calculating	7	18
16795	bdd	7	18
21488	austria	7	18
5155	investigate	7	18
3867	gaps	7	18
15458	videography	7	18
3519	hamiltonian	7	17
9948	requests	7	17
3317	equalizers	7	17
13176	atmosphere	7	17
4960	polyhedral	7	17
17114	fingertip	7	17
8028	stimulus	7	17
10792	roughness	7	17
30822	simulink	7	17
10946	perceptrons	7	17
9941	reports	7	17
19812	telemedicine	7	17
44496	fcm	7	17
431	arrivals	7	17
35549	mtcmos	7	17
5649	fsk	7	17
6629	discretization	7	17
12942	chi	7	17
6176	periodicity	7	16
1291	missile	7	16
6205	workstations	7	16
9499	spanner	7	16
2483	focal	7	16
4533	clique	7	16
7726	arabic	7	16
9558	modularity	7	16
6676	transcoder	7	16
23057	caption	7	16
11236	taylor	7	16
41599	nanorobotic	7	16
10689	sprite	7	16
4885	corruption	7	16
21835	night	7	16
2956	counters	7	15
29736	mds	7	15
1026	mars	7	15
27846	dmt	7	15
12726	cares	7	15
3088	decompositions	7	15
1121	mixer	7	15
2209	closest	7	15
30196	proxies	7	15
2534	certain	7	15
10592	remove	7	15
19131	bpsk	7	15
10591	windowed	7	15
13639	expressing	7	15
6670	demodulator	7	15
22658	sockets	7	15
1262	lengths	7	14
4114	supplies	7	14
9958	glass	7	14
11917	grating	7	14
1892	indexed	7	14
19154	frequently	7	14
17189	abnormality	7	14
10778	multifingered	7	14
13961	stages	7	14
33575	australasian	7	14
23371	tori	7	14
31348	multicode	7	14
3453	telecommunications	7	14
13135	rain	7	14
25050	intraocular	7	14
12338	stretch	7	14
5619	grounded	7	13
4211	arms	7	13
23918	precomputation	7	13
31914	renyi	7	13
4179	perturbations	7	13
11807	cash	7	13
8252	typed	7	13
6080	spectrally	7	13
4639	branching	7	13
22573	mammography	7	13
13812	correlative	7	13
9273	probes	7	12
2930	maximally	7	12
1972	propositional	7	12
242	synchronizing	7	12
8073	piece	7	12
12403	transcranial	7	12
7293	kinematically	7	12
817	junction	7	12
3037	steered	7	12
10020	intrusions	7	12
13272	subsurface	7	12
30358	ricean	7	12
15332	cohesion	7	12
8427	adjacency	7	12
2706	formant	7	11
4337	metaphor	7	11
8826	executions	7	11
7025	risc	7	11
30994	spm	7	11
14382	vbr	7	11
8234	interfacing	7	11
6638	parasitic	7	11
7508	modeled	7	11
29319	parent	7	11
2465	maneuvering	7	11
3912	displaying	7	11
2831	operated	7	11
16383	portrait	7	11
13093	backscattering	7	11
17531	fluorescent	7	11
35925	curse	7	11
21614	ephemeral	7	11
6363	propagating	7	11
20886	edf	7	10
6392	commit	7	10
4535	smith	7	10
3812	reset	7	10
10700	penetration	7	10
7530	azimuth	7	10
5561	subpixel	7	10
17556	eigendecomposition	7	9
4720	unbounded	7	9
4062	reckoning	7	9
23009	piracy	7	9
8765	initiated	7	8
9898	asics	7	8
13602	situated	7	8
11219	relief	7	8
25104	echocardiogram	7	7
15443	added	7	7
6903	sup	6	50
7621	fdma	6	44
3650	solar	6	36
4295	alpha	6	29
5798	wheel	6	29
35114	semistructured	6	28
2578	poisson	6	27
12029	injury	6	27
26800	exhibition	6	25
17655	corpora	6	25
15201	reservations	6	24
10482	resident	6	24
1945	slew	6	23
30391	autostereoscopic	6	23
652	paging	6	23
15620	drought	6	23
43601	metasearch	6	22
50924	westwood	6	22
10043	adversarial	6	22
5570	sensation	6	22
7665	tdm	6	22
17743	localizing	6	22
7996	title	6	21
10925	checkpoint	6	21
13332	closing	6	21
1307	metering	6	21
709	independence	6	21
2039	transit	6	20
36119	postures	6	20
4754	marine	6	20
17585	interoperable	6	20
10538	suffix	6	20
12431	neonatal	6	20
24316	tts	6	19
9335	pathological	6	19
13127	topographic	6	19
6163	truncation	6	19
2184	acid	6	19
2721	meet	6	19
3386	comprehension	6	19
21940	patching	6	18
1347	respiratory	6	18
25470	mahalanobis	6	18
3838	continuously	6	18
1414	excitation	6	18
13836	subchannel	6	18
18941	bdds	6	17
3167	plots	6	17
12538	shoulder	6	17
6445	signalling	6	17
1127	telephone	6	17
7962	retail	6	17
7628	modulations	6	17
8184	opening	6	17
21703	customizing	6	17
8545	rotary	6	17
12225	intraoperative	6	17
15173	invocation	6	17
5221	satisfying	6	17
15212	similarities	6	17
6097	diffuse	6	17
4132	preparation	6	17
9678	hypercubes	6	17
12772	preemption	6	16
7980	indicator	6	16
6980	rover	6	16
10834	demonstrating	6	16
18185	campaigns	6	16
5867	supervision	6	16
2955	hazard	6	16
14450	drama	6	16
51301	webgis	6	16
4233	siso	6	16
1773	perturbed	6	15
3261	reductions	6	15
18651	rna	6	15
3808	mediator	6	15
32243	shots	6	15
2348	relating	6	15
14901	mouth	6	15
6257	distributing	6	15
1661	proposed	6	15
23806	pico	6	15
2958	conservative	6	15
23111	footprint	6	15
10051	contest	6	15
15914	melbourne	6	15
9610	mediators	6	15
530	evasion	6	14
5257	mild	6	14
5449	revolution	6	14
32908	miner	6	14
16703	hdl	6	14
10046	courseware	6	14
12577	dsps	6	14
11774	equipped	6	14
10287	synergy	6	14
3028	mathematics	6	14
13610	olfactory	6	14
22751	reproduction	6	14
10682	rpc	6	14
11901	decomposable	6	14
4991	systolic	6	14
2987	separable	6	14
9413	pop	6	14
5521	reconfiguring	6	14
24611	exposing	6	14
26775	interleaver	6	14
1495	parser	6	14
10060	exponent	6	14
3452	inverter	6	13
4408	multiplierless	6	13
2605	sinusoidal	6	13
3289	digit	6	13
1474	complement	6	13
649	producing	6	13
4881	attached	6	13
17067	walkthrough	6	13
2962	manipulations	6	13
22284	fluoroscopy	6	13
9581	sky	6	13
9018	aggregations	6	13
2124	cat	6	12
4891	adverse	6	12
10016	resiliency	6	12
41330	heartbeat	6	12
6153	deviations	6	12
6162	trackers	6	12
9122	tokyo	6	12
2550	arbitrarily	6	12
13189	landsat	6	12
24656	handoffs	6	12
26487	uniformity	6	12
1117	scanned	6	12
23719	kdd	6	12
45194	scatternets	6	12
7967	clocks	6	12
21460	clothing	6	12
11169	repetition	6	11
34807	clicks	6	11
8930	arterial	6	11
22001	adsl	6	11
16171	hyperplane	6	11
3061	perfusion	6	11
15984	disconnected	6	11
7987	agv	6	11
37800	mash	6	11
453	controls	6	11
2227	stimuli	6	11
8718	jam	6	11
6675	fibre	6	11
3236	roots	6	11
13116	chlorophyll	6	11
12120	colon	6	11
12856	multiservice	6	11
3454	dsa	6	11
656	matchings	6	11
8627	leap	6	10
2785	speakers	6	10
19274	homology	6	10
8115	elbow	6	10
10835	revealing	6	10
6212	bitmap	6	10
2449	loaded	6	10
9504	carriers	6	10
3816	stepwise	6	10
12475	atherosclerotic	6	10
36286	panoramas	6	10
26362	orchestrating	6	10
29394	sige	6	10
21262	interferers	6	10
3929	crash	6	10
18361	touching	6	10
16553	individuality	6	9
4738	multiaccess	6	9
7184	endpoint	6	9
12825	neighborhoods	6	9
8160	receding	6	9
5957	argument	6	9
5197	cyclostationary	6	9
2567	slowly	6	9
10190	lti	6	9
31464	cfd	6	9
30504	leave	6	9
53153	walled	6	9
8882	cochannel	6	9
38840	actionable	6	9
16970	pon	6	9
6975	beliefs	6	9
2314	cursive	6	9
26554	reconciliation	6	9
5998	formats	6	9
21796	learnt	6	9
6920	epsilon	6	8
1521	circuitry	6	8
5825	nucleus	6	8
4333	algebras	6	8
1817	grammatical	6	8
14764	sclerosis	6	8
10569	multiframe	6	8
22562	edition	6	8
14515	holonomic	6	8
21204	habitat	6	8
7247	far	6	8
12211	concentric	6	8
18968	cloth	6	8
43952	peculiarity	6	8
12671	terabit	6	8
26320	rsvp	6	8
13121	artefacts	6	8
18401	stone	6	8
6971	arteries	6	8
10496	crt	6	8
13768	segmentations	6	7
10281	deformed	6	7
9254	dissection	6	7
12498	recruitment	6	7
13028	neuromorphic	6	7
774	strips	6	7
32351	polishing	6	6
1932	ttl	6	6
818	millimeter	5	103
35951	2002	5	101
14939	gradients	5	29
2471	momentum	5	26
26749	corba	5	26
51080	daml	5	20
4477	manipulating	5	20
5778	accelerometers	5	20
12219	anisotropy	5	20
13596	rearrangement	5	19
21231	mlc	5	19
13971	superscalar	5	18
16672	serially	5	18
15486	ndvi	5	18
5011	256	5	18
381	undergraduate	5	17
14693	microsurgery	5	16
31543	nic	5	16
24898	transporting	5	16
496	inventory	5	16
15282	stewart	5	16
22867	inductance	5	16
3430	writing	5	16
40221	crafting	5	15
11174	reformulation	5	15
24653	etsi	5	15
6040	concatenation	5	15
24534	collage	5	15
12592	articulation	5	14
3694	convergent	5	14
10738	renaming	5	14
48035	helpers	5	14
6968	managers	5	14
4640	amps	5	14
12391	differentiating	5	14
8688	macrocell	5	13
47176	vth	5	13
967	origin	5	13
2279	bodies	5	13
20518	organisation	5	13
648	soils	5	13
4304	microcell	5	12
34873	vdsl	5	12
36331	robocup	5	12
4812	cause	5	12
14733	histological	5	12
19144	decompression	5	12
2438	rollback	5	12
1674	hospital	5	12
35518	hut	5	12
13203	multitemporal	5	12
32357	khepera	5	12
7339	theme	5	12
14826	ventricles	5	12
18586	cart	5	12
16750	cows	5	12
4156	seattle	5	12
13824	packetized	5	12
1908	imager	5	12
1167	refresh	5	12
12317	histology	5	12
7557	unwrapping	5	12
11377	epipolar	5	11
51500	gnp	5	11
17108	ancestor	5	11
35065	263	5	11
4366	transformed	5	11
4973	ing	5	11
7499	sec	5	11
15956	numeral	5	11
18096	brazilian	5	11
3795	saw	5	11
26964	twister	5	11
46241	ebcot	5	11
22068	pipes	5	11
32778	msn	5	11
15964	assess	5	11
2002	firm	5	11
19290	sdh	5	11
12052	inflation	5	10
12367	echocardiographic	5	10
4387	talker	5	10
11264	predicted	5	10
986	updated	5	10
7259	compressing	5	10
20182	snoop	5	10
4917	applicable	5	10
26098	kansei	5	10
26774	uep	5	10
8438	mice	5	10
37889	mai	5	10
2920	capacitors	5	10
17808	interpersonal	5	10
6063	destructive	5	10
2277	cylinder	5	10
32909	interestingness	5	10
9214	bicmos	5	10
31237	coevolution	5	10
20358	iceberg	5	9
14823	animals	5	9
671	characterizations	5	9
7843	certainty	5	9
9176	quadtree	5	9
8720	intellectual	5	9
5984	fan	5	9
18776	cached	5	9
20024	replicating	5	9
3467	multiphase	5	9
18646	hausdorff	5	9
34503	bacterium	5	9
7170	packages	5	9
41795	multiangular	5	9
31269	streamed	5	9
18910	timely	5	9
27507	microsoft	5	9
53008	webode	5	9
10035	triangulations	5	9
8803	lookahead	5	9
6198	newspaper	5	9
28137	sofm	5	9
23510	asm	5	9
6360	connectionist	5	9
2675	trie	5	9
23980	medians	5	9
1230	decidable	5	8
418	waiting	5	8
11827	marketplace	5	8
33319	consumers	5	8
23629	reseeding	5	8
11987	torso	5	8
16935	lvq	5	8
1449	formalism	5	8
3176	institutional	5	8
34091	lna	5	8
3804	compass	5	8
12443	magneto	5	8
15542	ssm	5	8
8048	hvac	5	8
2538	covers	5	8
4916	codecs	5	8
5853	horn	5	8
4511	coplanar	5	8
9498	tomorrow	5	8
43923	soap	5	8
4479	tion	5	8
34984	federations	5	8
36477	ict	5	8
9710	prove	5	8
13352	overlaid	5	8
5537	disparate	5	8
13353	amorphous	5	8
41090	mllr	5	8
5438	obtained	5	7
6784	reconstructed	5	7
9888	experimenting	5	7
7167	binomial	5	7
19076	ekf	5	7
27791	mdct	5	7
2895	120	5	7
45066	populating	5	7
16520	enacting	5	7
7919	domino	5	7
1648	labor	5	7
10206	crisp	5	7
31814	pzt	5	7
41639	gymnastic	5	7
40730	personalizing	5	7
2989	referencing	5	7
5213	multiplex	5	7
27314	acknowledgment	5	7
6814	wavefront	5	7
19473	brachiation	5	7
14336	sonet	5	7
47268	por	5	7
4301	gbit	5	6
9720	harness	5	6
12285	rhythms	5	6
1778	oscillating	5	6
11935	legs	5	6
10572	coherently	5	6
46445	league	5	6
8451	disseminating	5	6
21318	mat	5	6
35881	pricai	5	6
10586	cumulants	5	6
21582	metamodeling	5	6
1974	intersections	5	6
7921	broadcasts	5	6
7590	receiving	5	5
15300	grasps	5	5
301	bipolar	5	5
31622	furniture	5	5
2547	attraction	5	5
1433	linguistics	5	5
